Workbook

Sheet preface
E2: x | F2: y | I2: =_xlfn.CONCAT(I3:I20,J3:J20) -> BeginTeam TeamID=0 Tech=TECH_HUNTING Tech=TECH_AGRICULTURE ContactWithTeam=1 RevealMap=0 EndTeam BeginTeam TeamID=1 Tech=TECH_HUNTING Tech=TECH_AGRICULTURE ContactWithTeam=0 RevealMap=0 EndTeam BeginTeam TeamID=2 Tech=TECH_FISHING Tech=TECH_HUNTING EspionageTeam=5, EspionageAmount=5 EspionageEverAmount=9 RevealMap=0 EndTeam BeginTeam TeamID=3 Tech=TECH_MYSTICISM Tech=TECH_MINING EspionageTeam=10, EspionageAmount=4 EspionageEverAmount=8 RevealMap=0 EndTeam BeginTeam TeamID=4 Tech=TECH_HUNTING Tech=TECH_MINING RevealMap=0 EndTeam BeginTeam TeamID=5 Tech=TECH_AGRICULTURE Tech=TECH_HUNTING RevealMap=0 EndTeam BeginTeam TeamID=6 Tech=TECH_FISHING Tech=TECH_MINING RevealMap=0 EndTeam BeginTeam TeamID=7 Tech=TECH_HUNTING Tech=TECH_MINING RevealMap=0 EndTeam BeginTeam TeamID=8 Tech=TECH_THE_WHEEL Tech=TECH_HUNTING RevealMap=0 EndTeam BeginTeam TeamID=9 Tech=TECH_THE_WHEEL Tech=TECH_AGRICULTURE EspionageEverAmount=4 RevealMap=0 EndTeam BeginTeam TeamID=10 Tech=TECH_MYSTICISM Tech=TECH_AGRICULTURE RevealMap=0 EndTeam BeginTeam TeamID=11 Tech=TECH_MYSTICISM Tech=TECH_FISHING RevealMap=0 EndTeam BeginTeam TeamID=12 Tech=TECH_THE_WHEEL Tech=TECH_AGRICULTURE RevealMap=0 EndTeam BeginTeam TeamID=13 Tech=TECH_THE_WHEEL Tech=TECH_MINING RevealMap=0 EndTeam BeginTeam TeamID=14 Tech=TECH_MYSTICISM Tech=TECH_HUNTING RevealMap=0 EndTeam BeginTeam TeamID=15 Tech=TECH_AGRICULTURE Tech=TECH_MINING EspionageTeam=5, EspionageAmount=5 EspionageEverAmount=9 RevealMap=0 EndTeam BeginTeam TeamID=16 Tech=TECH_MYSTICISM Tech=TECH_THE_WHEEL RevealMap=0 EndTeam BeginTeam TeamID=17 Tech=TECH_FISHING Tech=TECH_THE_WHEEL RevealMap=0 EndTeam BeginPlayer Team=0 LeaderType=LEADER_FRANKLIN_ROOSEVELT LeaderName=Jack CivDesc=American Empire CivShortDesc=TXT_KEY_CIV_AMERICA_SHORT_DESC CivAdjective=TXT_KEY_CIV_AMERICA_ADJECTIVE FlagDecal=Art/Interface/TeamColor/FlagDECAL_Star.dds WhiteFlag=0 CivType=CIVILIZATION_AMERICA Color=PLAYERCOLOR_BLUE ArtStyle=ARTSTYLE_EUROPEAN PlayableCiv=1 MinorNationStatus=0 StartingGold=100 StartingX=25,StartingY=37 StateReligion= StartingEra=ERA_ANCIENT RandomStartLocation=false CivicOption=CIVICOPTION_GOVERNMENT, Civic=CIVIC_DESPOTISM CivicOption=CIVICOPTION_LEGAL, Civic=CIVIC_BARBARISM CivicOption=CIVICOPTION_LABOR, Civic=CIVIC_TRIBALISM CivicOption=CIVICOPTION_ECONOMY, Civic=CIVIC_DECENTRALIZATION CivicOption=CIVICOPTION_RELIGION, Civic=CIVIC_PAGANISM Handicap=HANDICAP_NOBLE EndPlayer BeginPlayer Team=1 LeaderType=LEADER_JULIUS_CAESAR LeaderName=Julius Caesar CivDesc=Roman Empire CivShortDesc=TXT_KEY_CIV_ROME_SHORT_DESC CivAdjective=TXT_KEY_CIV_ROME_ADJECTIVE FlagDecal=Art/Interface/TeamColor/FlagDECAL_Laurels.dds WhiteFlag=0 CivType=CIVILIZATION_ROME Color=PLAYERCOLOR_DARK_PURPLE ArtStyle=ARTSTYLE_GRECO_ROMAN PlayableCiv=1 MinorNationStatus=0 StartingGold=100 StartingX=22,StartingY=17 StateReligion= StartingEra=ERA_ANCIENT RandomStartLocation=false CivicOption=CIVICOPTION_GOVERNMENT, Civic=CIVIC_DESPOTISM CivicOption=CIVICOPTION_LEGAL, Civic=CIVIC_BARBARISM CivicOption=CIVICOPTION_LABOR, Civic=CIVIC_TRIBALISM CivicOption=CIVICOPTION_ECONOMY, Civic=CIVIC_DECENTRALIZATION CivicOption=CIVICOPTION_RELIGION, Civic=CIVIC_PAGANISM Handicap=HANDICAP_NOBLE EndPlayer BeginPlayer Team=2 LeaderType=LEADER_ALEXANDER LeaderName=Alexander CivDesc=Greek Empire CivShortDesc=TXT_KEY_CIV_GREECE_SHORT_DESC CivAdjective=TXT_KEY_CIV_GREECE_ADJECTIVE FlagDecal=Art/Interface/TeamColor/FlagDECAL_Helmet.dds WhiteFlag=0 CivType=CIVILIZATION_GREECE Color=PLAYERCOLOR_LIGHT_BLUE ArtStyle=ARTSTYLE_GRECO_ROMAN PlayableCiv=1 MinorNationStatus=0 StartingGold=100 StartingX=50,StartingY=27 StateReligion= StartingEra=ERA_ANCIENT RandomStartLocation=false CivicOption=CIVICOPTION_GOVERNMENT, Civic=CIVIC_DESPOTISM CivicOption=CIVICOPTION_LEGAL, Civic=CIVIC_BARBARISM CivicOption=CIVICOPTION_LABOR, Civic=CIVIC_TRIBALISM CivicOption=CIVICOPTION_ECONOMY, Civic=CIVIC_DECENTRALIZATION CivicOption=CIVICOPTION_RELIGION, Civic=CIVIC_PAGANISM Handicap=HANDICAP_NOBLE EndPlayer BeginPlayer Team=3 LeaderType=LEADER_ASOKA LeaderName=Asoka CivDesc=Indian Empire CivShortDesc=TXT_KEY_CIV_INDIA_SHORT_DESC CivAdjective=TXT_KEY_CIV_INDIA_ADJECTIVE FlagDecal=Art/Interface/TeamColor/FlagDECAL_WheelOfLaw.dds WhiteFlag=0 CivType=CIVILIZATION_INDIA Color=PLAYERCOLOR_PURPLE ArtStyle=ARTSTYLE_ASIAN PlayableCiv=1 MinorNationStatus=0 StartingGold=100 StartingX=87,StartingY=61 StateReligion= StartingEra=ERA_ANCIENT RandomStartLocation=false CivicOption=CIVICOPTION_GOVERNMENT, Civic=CIVIC_DESPOTISM CivicOption=CIVICOPTION_LEGAL, Civic=CIVIC_BARBARISM CivicOption=CIVICOPTION_LABOR, Civic=CIVIC_TRIBALISM CivicOption=CIVICOPTION_ECONOMY, Civic=CIVIC_DECENTRALIZATION CivicOption=CIVICOPTION_RELIGION, Civic=CIVIC_PAGANISM Handicap=HANDICAP_NOBLE EndPlayer BeginPlayer Team=4 LeaderType=LEADER_CATHERINE LeaderName=Catherine CivDesc=Russian Empire CivShortDesc=TXT_KEY_CIV_RUSSIA_SHORT_DESC CivAdjective=TXT_KEY_CIV_RUSSIA_ADJECTIVE FlagDecal=Art/Interface/TeamColor/FlagDECAL_DoubleEagle.dds WhiteFlag=0 CivType=CIVILIZATION_RUSSIA Color=PLAYERCOLOR_DARK_RED ArtStyle=ARTSTYLE_EUROPEAN PlayableCiv=1 MinorNationStatus=0 StartingGold=100 StartingX=49,StartingY=41 StateReligion= StartingEra=ERA_ANCIENT RandomStartLocation=false CivicOption=CIVICOPTION_GOVERNMENT, Civic=CIVIC_DESPOTISM CivicOption=CIVICOPTION_LEGAL, Civic=CIVIC_BARBARISM CivicOption=CIVICOPTION_LABOR, Civic=CIVIC_TRIBALISM CivicOption=CIVICOPTION_ECONOMY, Civic=CIVIC_DECENTRALIZATION CivicOption=CIVICOPTION_RELIGION, Civic=CIVIC_PAGANISM Handicap=HANDICAP_NOBLE EndPlayer BeginPlayer Team=5 LeaderType=LEADER_CYRUS LeaderName=Cyrus CivDesc=Persian Empire CivShortDesc=TXT_KEY_CIV_PERSIA_SHORT_DESC CivAdjective=TXT_KEY_CIV_PERSIA_ADJECTIVE FlagDecal=Art/Interface/TeamColor/FlagDECAL_Scimitar.dds WhiteFlag=0 CivType=CIVILIZATION_PERSIA Color=PLAYERCOLOR_CYAN ArtStyle=ARTSTYLE_MIDDLE_EAST PlayableCiv=1 MinorNationStatus=0 StartingGold=100 StartingX=70,StartingY=27 StateReligion= StartingEra=ERA_ANCIENT RandomStartLocation=false CivicOption=CIVICOPTION_GOVERNMENT, Civic=CIVIC_DESPOTISM CivicOption=CIVICOPTION_LEGAL, Civic=CIVIC_BARBARISM CivicOption=CIVICOPTION_LABOR, Civic=CIVIC_TRIBALISM CivicOption=CIVICOPTION_ECONOMY, Civic=CIVIC_DECENTRALIZATION CivicOption=CIVICOPTION_RELIGION, Civic=CIVIC_PAGANISM Handicap=HANDICAP_NOBLE EndPlayer BeginPlayer Team=6 LeaderType=LEADER_ELIZABETH LeaderName=Elizabeth CivDesc=English Empire CivShortDesc=TXT_KEY_CIV_ENGLAND_SHORT_DESC CivAdjective=TXT_KEY_CIV_ENGLAND_ADJECTIVE FlagDecal=Art/Interface/TeamColor/FlagDECAL_StGeorgeCross.dds WhiteFlag=0 CivType=CIVILIZATION_ENGLAND Color=PLAYERCOLOR_WHITE ArtStyle=ARTSTYLE_EUROPEAN PlayableCiv=1 MinorNationStatus=0 StartingGold=100 StartingX=69,StartingY=41 StateReligion= StartingEra=ERA_ANCIENT RandomStartLocation=false CivicOption=CIVICOPTION_GOVERNMENT, Civic=CIVIC_DESPOTISM CivicOption=CIVICOPTION_LEGAL, Civic=CIVIC_BARBARISM CivicOption=CIVICOPTION_LABOR, Civic=CIVIC_TRIBALISM CivicOption=CIVICOPTION_ECONOMY, Civic=CIVIC_DECENTRALIZATION CivicOption=CIVICOPTION_RELIGION, Civic=CIVIC_PAGANISM Handicap=HANDICAP_NOBLE EndPlayer BeginPlayer Team=7 LeaderType=LEADER_FREDERICK LeaderName=Frederick CivDesc=German Empire CivShortDesc=TXT_KEY_CIV_GERMANY_SHORT_DESC CivAdjective=TXT_KEY_CIV_GERMANY_ADJECTIVE FlagDecal=Art/Interface/TeamColor/FlagDECAL_MalteseCross.dds WhiteFlag=0 CivType=CIVILIZATION_GERMANY Color=PLAYERCOLOR_GRAY ArtStyle=ARTSTYLE_EUROPEAN PlayableCiv=1 MinorNationStatus=0 StartingGold=100 StartingX=49,StartingY=61 StateReligion= StartingEra=ERA_ANCIENT RandomStartLocation=false CivicOption=CIVICOPTION_GOVERNMENT, Civic=CIVIC_DESPOTISM CivicOption=CIVICOPTION_LEGAL, Civic=CIVIC_BARBARISM CivicOption=CIVICOPTION_LABOR, Civic=CIVIC_TRIBALISM CivicOption=CIVICOPTION_ECONOMY, Civic=CIVIC_DECENTRALIZATION CivicOption=CIVICOPTION_RELIGION, Civic=CIVIC_PAGANISM Handicap=HANDICAP_NOBLE EndPlayer BeginPlayer Team=8 LeaderType=LEADER_GENGHIS_KHAN LeaderName=Genghis Khan CivDesc=Mongolian Empire CivShortDesc=TXT_KEY_CIV_MONGOL_SHORT_DESC CivAdjective=TXT_KEY_CIV_MONGOL_ADJECTIVE FlagDecal=Art/Interface/TeamColor/FlagDECAL_Horse.dds WhiteFlag=0 CivType=CIVILIZATION_MONGOL Color=PLAYERCOLOR_BROWN ArtStyle=ARTSTYLE_ASIAN PlayableCiv=1 MinorNationStatus=0 StartingGold=100 StartingX=87,StartingY=41 StateReligion= StartingEra=ERA_ANCIENT RandomStartLocation=false CivicOption=CIVICOPTION_GOVERNMENT, Civic=CIVIC_DESPOTISM CivicOption=CIVICOPTION_LEGAL, Civic=CIVIC_BARBARISM CivicOption=CIVICOPTION_LABOR, Civic=CIVIC_TRIBALISM CivicOption=CIVICOPTION_ECONOMY, Civic=CIVIC_DECENTRALIZATION CivicOption=CIVICOPTION_RELIGION, Civic=CIVIC_PAGANISM Handicap=HANDICAP_NOBLE EndPlayer BeginPlayer Team=9 LeaderType=LEADER_HATSHEPSUT LeaderName=Hatshepsut CivDesc=Egyptian Empire CivShortDesc=TXT_KEY_CIV_EGYPT_SHORT_DESC CivAdjective=TXT_KEY_CIV_EGYPT_ADJECTIVE FlagDecal=Art/Interface/TeamColor/FlagDECAL_EyeOfRa.dds WhiteFlag=0 CivType=CIVILIZATION_EGYPT Color=PLAYERCOLOR_YELLOW ArtStyle=ARTSTYLE_MIDDLE_EAST PlayableCiv=1 MinorNationStatus=0 StartingGold=100 StartingX=50,StartingY=7 StateReligion= StartingEra=ERA_ANCIENT RandomStartLocation=false CivicOption=CIVICOPTION_GOVERNMENT, Civic=CIVIC_DESPOTISM CivicOption=CIVICOPTION_LEGAL, Civic=CIVIC_BARBARISM CivicOption=CIVICOPTION_LABOR, Civic=CIVIC_TRIBALISM CivicOption=CIVICOPTION_ECONOMY, Civic=CIVIC_DECENTRALIZATION CivicOption=CIVICOPTION_RELIGION, Civic=CIVIC_PAGANISM Handicap=HANDICAP_NOBLE EndPlayer BeginPlayer Team=10 LeaderType=LEADER_HUAYNA_CAPAC LeaderName=Huayna Capac CivDesc=Incan Empire CivShortDesc=TXT_KEY_CIV_INCA_SHORT_DESC CivAdjective=TXT_KEY_CIV_INCA_ADJECTIVE FlagDecal=Art/Interface/TeamColor/FlagDECAL_Sun.dds WhiteFlag=0 CivType=CIVILIZATION_INCA Color=PLAYERCOLOR_DARK_YELLOW ArtStyle=ARTSTYLE_SOUTH_AMERICA PlayableCiv=1 MinorNationStatus=0 StartingGold=100 StartingX=107,StartingY=8 StateReligion= StartingEra=ERA_ANCIENT RandomStartLocation=false CivicOption=CIVICOPTION_GOVERNMENT, Civic=CIVIC_DESPOTISM CivicOption=CIVICOPTION_LEGAL, Civic=CIVIC_BARBARISM CivicOption=CIVICOPTION_LABOR, Civic=CIVIC_TRIBALISM CivicOption=CIVICOPTION_ECONOMY, Civic=CIVIC_DECENTRALIZATION CivicOption=CIVICOPTION_RELIGION, Civic=CIVIC_PAGANISM Handicap=HANDICAP_NOBLE EndPlayer BeginPlayer Team=11 LeaderType=LEADER_ISABELLA LeaderName=Isabella CivDesc=Spanish Empire CivShortDesc=TXT_KEY_CIV_SPAIN_SHORT_DESC CivAdjective=TXT_KEY_CIV_SPAIN_ADJECTIVE FlagDecal=Art/Interface/TeamColor/FlagDECAL_Castle.dds WhiteFlag=0 CivType=CIVILIZATION_SPAIN Color=PLAYERCOLOR_PINK ArtStyle=ARTSTYLE_EUROPEAN PlayableCiv=1 MinorNationStatus=0 StartingGold=100 StartingX=87,StartingY=28 StateReligion= StartingEra=ERA_ANCIENT RandomStartLocation=false CivicOption=CIVICOPTION_GOVERNMENT, Civic=CIVIC_DESPOTISM CivicOption=CIVICOPTION_LEGAL, Civic=CIVIC_BARBARISM CivicOption=CIVICOPTION_LABOR, Civic=CIVIC_TRIBALISM CivicOption=CIVICOPTION_ECONOMY, Civic=CIVIC_DECENTRALIZATION CivicOption=CIVICOPTION_RELIGION, Civic=CIVIC_PAGANISM Handicap=HANDICAP_NOBLE EndPlayer BeginPlayer Team=12 LeaderType=LEADER_LOUIS_XIV LeaderName=Louis XIV CivDesc=French Empire CivShortDesc=TXT_KEY_CIV_FRANCE_SHORT_DESC CivAdjective=TXT_KEY_CIV_FRANCE_ADJECTIVE FlagDecal=Art/Interface/TeamColor/FlagDECAL_FleurDeLis.dds WhiteFlag=0 CivType=CIVILIZATION_FRANCE Color=PLAYERCOLOR_DARK_BLUE ArtStyle=ARTSTYLE_EUROPEAN PlayableCiv=1 MinorNationStatus=0 StartingGold=100 StartingX=69,StartingY=61 StateReligion= StartingEra=ERA_ANCIENT RandomStartLocation=false CivicOption=CIVICOPTION_GOVERNMENT, Civic=CIVIC_DESPOTISM CivicOption=CIVICOPTION_LEGAL, Civic=CIVIC_BARBARISM CivicOption=CIVICOPTION_LABOR, Civic=CIVIC_TRIBALISM CivicOption=CIVICOPTION_ECONOMY, Civic=CIVIC_DECENTRALIZATION CivicOption=CIVICOPTION_RELIGION, Civic=CIVIC_PAGANISM Handicap=HANDICAP_NOBLE EndPlayer BeginPlayer Team=13 LeaderType=LEADER_MANSA_MUSA LeaderName=Mansa Musa CivDesc=Malinese Empire CivShortDesc=TXT_KEY_CIV_MALI_SHORT_DESC CivAdjective=TXT_KEY_CIV_MALI_ADJECTIVE FlagDecal=Art/Interface/TeamColor/FlagDECAL_Mask.dds WhiteFlag=0 CivType=CIVILIZATION_MALI Color=PLAYERCOLOR_PEACH ArtStyle=ARTSTYLE_MIDDLE_EAST PlayableCiv=1 MinorNationStatus=0 StartingGold=100 StartingX=107,StartingY=28 StateReligion= StartingEra=ERA_ANCIENT RandomStartLocation=false CivicOption=CIVICOPTION_GOVERNMENT, Civic=CIVIC_DESPOTISM CivicOption=CIVICOPTION_LEGAL, Civic=CIVIC_BARBARISM CivicOption=CIVICOPTION_LABOR, Civic=CIVIC_TRIBALISM CivicOption=CIVICOPTION_ECONOMY, Civic=CIVIC_DECENTRALIZATION CivicOption=CIVICOPTION_RELIGION, Civic=CIVIC_PAGANISM Handicap=HANDICAP_NOBLE EndPlayer BeginPlayer Team=14 LeaderType=LEADER_MONTEZUMA LeaderName=Montezuma CivDesc=Aztec Empire CivShortDesc=TXT_KEY_CIV_AZTEC_SHORT_DESC CivAdjective=TXT_KEY_CIV_AZTEC_ADJECTIVE FlagDecal=Art/Interface/TeamColor/FlagDECAL_AztecCalendar.dds WhiteFlag=0 CivType=CIVILIZATION_AZTEC Color=PLAYERCOLOR_GREEN ArtStyle=ARTSTYLE_SOUTH_AMERICA PlayableCiv=1 MinorNationStatus=0 StartingGold=0 StartingX=87,StartingY=8 StateReligion= StartingEra=ERA_ANCIENT RandomStartLocation=false CivicOption=CIVICOPTION_GOVERNMENT, Civic=CIVIC_DESPOTISM CivicOption=CIVICOPTION_LEGAL, Civic=CIVIC_BARBARISM CivicOption=CIVICOPTION_LABOR, Civic=CIVIC_TRIBALISM CivicOption=CIVICOPTION_ECONOMY, Civic=CIVIC_DECENTRALIZATION CivicOption=CIVICOPTION_RELIGION, Civic=CIVIC_PAGANISM Handicap=HANDICAP_NOBLE EndPlayer BeginPlayer Team=15 LeaderType=LEADER_QIN_SHI_HUANG LeaderName=Qin Shi Huang CivDesc=Chinese Empire CivShortDesc=TXT_KEY_CIV_CHINA_SHORT_DESC CivAdjective=TXT_KEY_CIV_CHINA_ADJECTIVE FlagDecal=Art/Interface/TeamColor/FlagDECAL_Dragon.dds WhiteFlag=0 CivType=CIVILIZATION_CHINA Color=PLAYERCOLOR_DARK_PINK ArtStyle=ARTSTYLE_ASIAN PlayableCiv=1 MinorNationStatus=0 StartingGold=100 StartingX=107,StartingY=61 StateReligion= StartingEra=ERA_ANCIENT RandomStartLocation=false CivicOption=CIVICOPTION_GOVERNMENT, Civic=CIVIC_DESPOTISM CivicOption=CIVICOPTION_LEGAL, Civic=CIVIC_BARBARISM CivicOption=CIVICOPTION_LABOR, Civic=CIVIC_TRIBALISM CivicOption=CIVICOPTION_ECONOMY, Civic=CIVIC_DECENTRALIZATION CivicOption=CIVICOPTION_RELIGION, Civic=CIVIC_PAGANISM Handicap=HANDICAP_NOBLE EndPlayer BeginPlayer Team=16 LeaderType=LEADER_SALADIN LeaderName=Saladin CivDesc=Arabian Empire CivShortDesc=TXT_KEY_CIV_ARABIA_SHORT_DESC CivAdjective=TXT_KEY_CIV_ARABIA_ADJECTIVE FlagDecal=Art/Interface/TeamColor/FlagDECAL_Arabic.dds WhiteFlag=0 CivType=CIVILIZATION_ARABIA Color=PLAYERCOLOR_LIGHT_GREEN ArtStyle=ARTSTYLE_MIDDLE_EAST PlayableCiv=1 MinorNationStatus=0 StartingGold=100 StartingX=70,StartingY=7 StateReligion= StartingEra=ERA_ANCIENT RandomStartLocation=false CivicOption=CIVICOPTION_GOVERNMENT, Civic=CIVIC_DESPOTISM CivicOption=CIVICOPTION_LEGAL, Civic=CIVIC_BARBARISM CivicOption=CIVICOPTION_LABOR, Civic=CIVIC_TRIBALISM CivicOption=CIVICOPTION_ECONOMY, Civic=CIVIC_DECENTRALIZATION CivicOption=CIVICOPTION_RELIGION, Civic=CIVIC_PAGANISM Handicap=HANDICAP_NOBLE EndPlayer BeginPlayer Team=17 LeaderType=LEADER_TOKUGAWA LeaderName=Tokugawa CivDesc=Japanese Empire CivShortDesc=TXT_KEY_CIV_JAPAN_SHORT_DESC CivAdjective=TXT_KEY_CIV_JAPAN_ADJECTIVE FlagDecal=Art/Interface/TeamColor/FlagDECAL_Dot.dds WhiteFlag=0 CivType=CIVILIZATION_JAPAN Color=PLAYERCOLOR_RED ArtStyle=ARTSTYLE_ASIAN PlayableCiv=1 MinorNationStatus=0 StartingGold=100 StartingX=107,StartingY=41 StateReligion= StartingEra=ERA_ANCIENT RandomStartLocation=false CivicOption=CIVICOPTION_GOVERNMENT, Civic=CIVIC_DESPOTISM CivicOption=CIVICOPTION_LEGAL, Civic=CIVIC_BARBARISM CivicOption=CIVICOPTION_LABOR, Civic=CIVIC_TRIBALISM CivicOption=CIVICOPTION_ECONOMY, Civic=CIVIC_DECENTRALIZATION CivicOption=CIVICOPTION_RELIGION, Civic=CIVIC_PAGANISM Handicap=HANDICAP_NOBLE EndPlayer
A3: BeginTeam TeamID=17 Tech=TECH_HUNTING Tech=TECH_AGRICULTURE ContactWithTeam=1 RevealMap=0 EndTeam | B3: BeginPlayer Team=17 LeaderType=LEADER_FRANKLIN_ROOSEVELT LeaderName=Jack CivDesc=American Empire CivShortDesc=TXT_KEY_CIV_AMERICA_SHORT_DESC CivAdjective=TXT_KEY_CIV_AMERICA_ADJECTIVE FlagDecal=Art/Interface/TeamColor/FlagDECAL_Star.dds WhiteFlag=0 CivType=CIVILIZATION_AMERICA Color=PLAYERCOLOR_BLUE ArtStyle=ARTSTYLE_EUROPEAN PlayableCiv=1 MinorNationStatus=0 StartingGold=100 StartingX=25, StartingY=37 StateReligion= StartingEra=ERA_ANCIENT RandomStartLocation=false CivicOption=CIVICOPTION_GOVERNMENT, Civic=CIVIC_DESPOTISM CivicOption=CIVICOPTION_LEGAL, Civic=CIVIC_BARBARISM CivicOption=CIVICOPTION_LABOR, Civic=CIVIC_TRIBALISM CivicOption=CIVICOPTION_ECONOMY, Civic=CIVIC_DECENTRALIZATION CivicOption=CIVICOPTION_RELIGION, Civic=CIVIC_PAGANISM Handicap=HANDICAP_NOBLE EndPlayer | C3: =MID(B3, SEARCH("_", B3) + 1, SEARCH("LeaderName", B3) - SEARCH("_", B3) - 3) -> FRANKLIN_ROOSEVELT | D3: 0 | E3: {=INDEX('plot type'!EC$2:EC$19, MATCH(SUBSTITUTE($C3, "_", " "), UPPER('plot type'!$EE$2:$EE$19), 0))} -> 25 | F3: {=INDEX('plot type'!ED$2:ED$19, MATCH(SUBSTITUTE($C3, "_", " "), UPPER('plot type'!$EE$2:$EE$19), 0))} -> 37 | G3: =MID(B3, SEARCH("startingx", B3), SEARCH(CHAR(10), B3, SEARCH("startingx", B3)) - SEARCH("startingx", B3)) -> StartingX=25, StartingY=37 | I3: =LEFT(A3, SEARCH("=", A3)) & D3 & MID(A3, SEARCH("Tech", A3) - 2, LEN(A3)) -> BeginTeam TeamID=0 Tech=TECH_HUNTING Tech=TECH_AGRICULTURE ContactWithTeam=1 RevealMap=0 EndTeam | J3: =LEFT(B3, SEARCH("=", B3)) & D3 & SUBSTITUTE(MID(B3, SEARCH("LeaderType", B3) - 2, LEN(B3)), G3, "StartingX=" & E3 & ",StartingY=" & F3) -> BeginPlayer Team=0 LeaderType=LEADER_FRANKLIN_ROOSEVELT LeaderName=Jack CivDesc=American Empire CivShortDesc=TXT_KEY_CIV_AMERICA_SHORT_DESC CivAdjective=TXT_KEY_CIV_AMERICA_ADJECTIVE FlagDecal=Art/Interface/TeamColor/FlagDECAL_Star.dds WhiteFlag=0 CivType=CIVILIZATION_AMERICA Color=PLAYERCOLOR_BLUE ArtStyle=ARTSTYLE_EUROPEAN PlayableCiv=1 MinorNationStatus=0 StartingGold=100 StartingX=25,StartingY=37 StateReligion= StartingEra=ERA_ANCIENT RandomStartLocation=false CivicOption=CIVICOPTION_GOVERNMENT, Civic=CIVIC_DESPOTISM CivicOption=CIVICOPTION_LEGAL, Civic=CIVIC_BARBARISM CivicOption=CIVICOPTION_LABOR, Civic=CIVIC_TRIBALISM CivicOption=CIVICOPTION_ECONOMY, Civic=CIVIC_DECENTRALIZATION CivicOption=CIVICOPTION_RELIGION, Civic=CIVIC_PAGANISM Handicap=HANDICAP_NOBLE EndPlayer
A4: BeginTeam TeamID=4 Tech=TECH_HUNTING Tech=TECH_AGRICULTURE ContactWithTeam=0 RevealMap=0 EndTeam | B4: BeginPlayer Team=4 LeaderType=LEADER_JULIUS_CAESAR LeaderName=Julius Caesar CivDesc=Roman Empire CivShortDesc=TXT_KEY_CIV_ROME_SHORT_DESC CivAdjective=TXT_KEY_CIV_ROME_ADJECTIVE FlagDecal=Art/Interface/TeamColor/FlagDECAL_Laurels.dds WhiteFlag=0 CivType=CIVILIZATION_ROME Color=PLAYERCOLOR_DARK_PURPLE ArtStyle=ARTSTYLE_GRECO_ROMAN PlayableCiv=1 MinorNationStatus=0 StartingGold=100 StartingX=22, StartingY=17 StateReligion= StartingEra=ERA_ANCIENT RandomStartLocation=false CivicOption=CIVICOPTION_GOVERNMENT, Civic=CIVIC_DESPOTISM CivicOption=CIVICOPTION_LEGAL, Civic=CIVIC_BARBARISM CivicOption=CIVICOPTION_LABOR, Civic=CIVIC_TRIBALISM CivicOption=CIVICOPTION_ECONOMY, Civic=CIVIC_DECENTRALIZATION CivicOption=CIVICOPTION_RELIGION, Civic=CIVIC_PAGANISM Handicap=HANDICAP_NOBLE EndPlayer | C4: =MID(B4, SEARCH("_", B4) + 1, SEARCH("LeaderName", B4) - SEARCH("_", B4) - 3) -> JULIUS_CAESAR | D4: 1 | E4: {=INDEX('plot type'!EC$2:EC$19, MATCH(SUBSTITUTE($C4, "_", " "), UPPER('plot type'!$EE$2:$EE$19), 0))} -> 22 | F4: {=INDEX('plot type'!ED$2:ED$19, MATCH(SUBSTITUTE($C4, "_", " "), UPPER('plot type'!$EE$2:$EE$19), 0))} -> 17 | G4: =MID(B4, SEARCH("startingx", B4), SEARCH(CHAR(10), B4, SEARCH("startingx", B4)) - SEARCH("startingx", B4)) -> StartingX=22, StartingY=17 | I4: =LEFT(A4, SEARCH("=", A4)) & D4 & MID(A4, SEARCH("Tech", A4) - 2, LEN(A4)) -> BeginTeam TeamID=1 Tech=TECH_HUNTING Tech=TECH_AGRICULTURE ContactWithTeam=0 RevealMap=0 EndTeam | J4: =LEFT(B4, SEARCH("=", B4)) & D4 & SUBSTITUTE(MID(B4, SEARCH("LeaderType", B4) - 2, LEN(B4)), G4, "StartingX=" & E4 & ",StartingY=" & F4) -> BeginPlayer Team=1 LeaderType=LEADER_JULIUS_CAESAR LeaderName=Julius Caesar CivDesc=Roman Empire CivShortDesc=TXT_KEY_CIV_ROME_SHORT_DESC CivAdjective=TXT_KEY_CIV_ROME_ADJECTIVE FlagDecal=Art/Interface/TeamColor/FlagDECAL_Laurels.dds WhiteFlag=0 CivType=CIVILIZATION_ROME Color=PLAYERCOLOR_DARK_PURPLE ArtStyle=ARTSTYLE_GRECO_ROMAN PlayableCiv=1 MinorNationStatus=0 StartingGold=100 StartingX=22,StartingY=17 StateReligion= StartingEra=ERA_ANCIENT RandomStartLocation=false CivicOption=CIVICOPTION_GOVERNMENT, Civic=CIVIC_DESPOTISM CivicOption=CIVICOPTION_LEGAL, Civic=CIVIC_BARBARISM CivicOption=CIVICOPTION_LABOR, Civic=CIVIC_TRIBALISM CivicOption=CIVICOPTION_ECONOMY, Civic=CIVIC_DECENTRALIZATION CivicOption=CIVICOPTION_RELIGION, Civic=CIVIC_PAGANISM Handicap=HANDICAP_NOBLE EndPlayer
A5: BeginTeam TeamID=3 Tech=TECH_FISHING Tech=TECH_HUNTING EspionageTeam=5, EspionageAmount=5 EspionageEverAmount=9 RevealMap=0 EndTeam | B5: BeginPlayer Team=3 LeaderType=LEADER_ALEXANDER LeaderName=Alexander CivDesc=Greek Empire CivShortDesc=TXT_KEY_CIV_GREECE_SHORT_DESC CivAdjective=TXT_KEY_CIV_GREECE_ADJECTIVE FlagDecal=Art/Interface/TeamColor/FlagDECAL_Helmet.dds WhiteFlag=0 CivType=CIVILIZATION_GREECE Color=PLAYERCOLOR_LIGHT_BLUE ArtStyle=ARTSTYLE_GRECO_ROMAN PlayableCiv=1 MinorNationStatus=0 StartingGold=100 StartingX=67, StartingY=6 StateReligion= StartingEra=ERA_ANCIENT RandomStartLocation=false CivicOption=CIVICOPTION_GOVERNMENT, Civic=CIVIC_DESPOTISM CivicOption=CIVICOPTION_LEGAL, Civic=CIVIC_BARBARISM CivicOption=CIVICOPTION_LABOR, Civic=CIVIC_TRIBALISM CivicOption=CIVICOPTION_ECONOMY, Civic=CIVIC_DECENTRALIZATION CivicOption=CIVICOPTION_RELIGION, Civic=CIVIC_PAGANISM Handicap=HANDICAP_NOBLE EndPlayer | C5: =MID(B5, SEARCH("_", B5) + 1, SEARCH("LeaderName", B5) - SEARCH("_", B5) - 3) -> ALEXANDER | D5: 2 | E5: {=INDEX('plot type'!EC$2:EC$19, MATCH(SUBSTITUTE($C5, "_", " "), UPPER('plot type'!$EE$2:$EE$19), 0))} -> 50 | F5: {=INDEX('plot type'!ED$2:ED$19, MATCH(SUBSTITUTE($C5, "_", " "), UPPER('plot type'!$EE$2:$EE$19), 0))} -> 27 | G5: =MID(B5, SEARCH("startingx", B5), SEARCH(CHAR(10), B5, SEARCH("startingx", B5)) - SEARCH("startingx", B5)) -> StartingX=67, StartingY=6 | I5: =LEFT(A5, SEARCH("=", A5)) & D5 & MID(A5, SEARCH("Tech", A5) - 2, LEN(A5)) -> BeginTeam TeamID=2 Tech=TECH_FISHING Tech=TECH_HUNTING EspionageTeam=5, EspionageAmount=5 EspionageEverAmount=9 RevealMap=0 EndTeam | J5: =LEFT(B5, SEARCH("=", B5)) & D5 & SUBSTITUTE(MID(B5, SEARCH("LeaderType", B5) - 2, LEN(B5)), G5, "StartingX=" & E5 & ",StartingY=" & F5) -> BeginPlayer Team=2 LeaderType=LEADER_ALEXANDER LeaderName=Alexander CivDesc=Greek Empire CivShortDesc=TXT_KEY_CIV_GREECE_SHORT_DESC CivAdjective=TXT_KEY_CIV_GREECE_ADJECTIVE FlagDecal=Art/Interface/TeamColor/FlagDECAL_Helmet.dds WhiteFlag=0 CivType=CIVILIZATION_GREECE Color=PLAYERCOLOR_LIGHT_BLUE ArtStyle=ARTSTYLE_GRECO_ROMAN PlayableCiv=1 MinorNationStatus=0 StartingGold=100 StartingX=50,StartingY=27 StateReligion= StartingEra=ERA_ANCIENT RandomStartLocation=false CivicOption=CIVICOPTION_GOVERNMENT, Civic=CIVIC_DESPOTISM CivicOption=CIVICOPTION_LEGAL, Civic=CIVIC_BARBARISM CivicOption=CIVICOPTION_LABOR, Civic=CIVIC_TRIBALISM CivicOption=CIVICOPTION_ECONOMY, Civic=CIVIC_DECENTRALIZATION CivicOption=CIVICOPTION_RELIGION, Civic=CIVIC_PAGANISM Handicap=HANDICAP_NOBLE EndPlayer
A6: BeginTeam TeamID=1 Tech=TECH_MYSTICISM Tech=TECH_MINING EspionageTeam=10, EspionageAmount=4 EspionageEverAmount=8 RevealMap=0 EndTeam | B6: BeginPlayer Team=1 LeaderType=LEADER_ASOKA LeaderName=Asoka CivDesc=Indian Empire CivShortDesc=TXT_KEY_CIV_INDIA_SHORT_DESC CivAdjective=TXT_KEY_CIV_INDIA_ADJECTIVE FlagDecal=Art/Interface/TeamColor/FlagDECAL_WheelOfLaw.dds WhiteFlag=0 CivType=CIVILIZATION_INDIA Color=PLAYERCOLOR_PURPLE ArtStyle=ARTSTYLE_ASIAN PlayableCiv=1 MinorNationStatus=0 StartingGold=100 StartingX=90, StartingY=40 StateReligion= StartingEra=ERA_ANCIENT RandomStartLocation=false CivicOption=CIVICOPTION_GOVERNMENT, Civic=CIVIC_DESPOTISM CivicOption=CIVICOPTION_LEGAL, Civic=CIVIC_BARBARISM CivicOption=CIVICOPTION_LABOR, Civic=CIVIC_TRIBALISM CivicOption=CIVICOPTION_ECONOMY, Civic=CIVIC_DECENTRALIZATION CivicOption=CIVICOPTION_RELIGION, Civic=CIVIC_PAGANISM Handicap=HANDICAP_NOBLE EndPlayer | C6: =MID(B6, SEARCH("_", B6) + 1, SEARCH("LeaderName", B6) - SEARCH("_", B6) - 3) -> ASOKA | D6: 3 | E6: {=INDEX('plot type'!EC$2:EC$19, MATCH(SUBSTITUTE($C6, "_", " "), UPPER('plot type'!$EE$2:$EE$19), 0))} -> 87 | F6: {=INDEX('plot type'!ED$2:ED$19, MATCH(SUBSTITUTE($C6, "_", " "), UPPER('plot type'!$EE$2:$EE$19), 0))} -> 61 | G6: =MID(B6, SEARCH("startingx", B6), SEARCH(CHAR(10), B6, SEARCH("startingx", B6)) - SEARCH("startingx", B6)) -> StartingX=90, StartingY=40 | I6: =LEFT(A6, SEARCH("=", A6)) & D6 & MID(A6, SEARCH("Tech", A6) - 2, LEN(A6)) -> BeginTeam TeamID=3 Tech=TECH_MYSTICISM Tech=TECH_MINING EspionageTeam=10, EspionageAmount=4 EspionageEverAmount=8 RevealMap=0 EndTeam | J6: =LEFT(B6, SEARCH("=", B6)) & D6 & SUBSTITUTE(MID(B6, SEARCH("LeaderType", B6) - 2, LEN(B6)), G6, "StartingX=" & E6 & ",StartingY=" & F6) -> BeginPlayer Team=3 LeaderType=LEADER_ASOKA LeaderName=Asoka CivDesc=Indian Empire CivShortDesc=TXT_KEY_CIV_INDIA_SHORT_DESC CivAdjective=TXT_KEY_CIV_INDIA_ADJECTIVE FlagDecal=Art/Interface/TeamColor/FlagDECAL_WheelOfLaw.dds WhiteFlag=0 CivType=CIVILIZATION_INDIA Color=PLAYERCOLOR_PURPLE ArtStyle=ARTSTYLE_ASIAN PlayableCiv=1 MinorNationStatus=0 StartingGold=100 StartingX=87,StartingY=61 StateReligion= StartingEra=ERA_ANCIENT RandomStartLocation=false CivicOption=CIVICOPTION_GOVERNMENT, Civic=CIVIC_DESPOTISM CivicOption=CIVICOPTION_LEGAL, Civic=CIVIC_BARBARISM CivicOption=CIVICOPTION_LABOR, Civic=CIVIC_TRIBALISM CivicOption=CIVICOPTION_ECONOMY, Civic=CIVIC_DECENTRALIZATION CivicOption=CIVICOPTION_RELIGION, Civic=CIVIC_PAGANISM Handicap=HANDICAP_NOBLE EndPlayer
A7: BeginTeam TeamID=13 Tech=TECH_HUNTING Tech=TECH_MINING RevealMap=0 EndTeam | B7: BeginPlayer Team=13 LeaderType=LEADER_CATHERINE LeaderName=Catherine CivDesc=Russian Empire CivShortDesc=TXT_KEY_CIV_RUSSIA_SHORT_DESC CivAdjective=TXT_KEY_CIV_RUSSIA_ADJECTIVE FlagDecal=Art/Interface/TeamColor/FlagDECAL_DoubleEagle.dds WhiteFlag=0 CivType=CIVILIZATION_RUSSIA Color=PLAYERCOLOR_DARK_RED ArtStyle=ARTSTYLE_EUROPEAN PlayableCiv=1 MinorNationStatus=0 StartingGold=100 StartingX=87, StartingY=54 StateReligion= StartingEra=ERA_ANCIENT RandomStartLocation=false CivicOption=CIVICOPTION_GOVERNMENT, Civic=CIVIC_DESPOTISM CivicOption=CIVICOPTION_LEGAL, Civic=CIVIC_BARBARISM CivicOption=CIVICOPTION_LABOR, Civic=CIVIC_TRIBALISM CivicOption=CIVICOPTION_ECONOMY, Civic=CIVIC_DECENTRALIZATION CivicOption=CIVICOPTION_RELIGION, Civic=CIVIC_PAGANISM Handicap=HANDICAP_NOBLE EndPlayer | C7: =MID(B7, SEARCH("_", B7) + 1, SEARCH("LeaderName", B7) - SEARCH("_", B7) - 3) -> CATHERINE | D7: 4 | E7: {=INDEX('plot type'!EC$2:EC$19, MATCH(SUBSTITUTE($C7, "_", " "), UPPER('plot type'!$EE$2:$EE$19), 0))} -> 49 | F7: {=INDEX('plot type'!ED$2:ED$19, MATCH(SUBSTITUTE($C7, "_", " "), UPPER('plot type'!$EE$2:$EE$19), 0))} -> 41 | G7: =MID(B7, SEARCH("startingx", B7), SEARCH(CHAR(10), B7, SEARCH("startingx", B7)) - SEARCH("startingx", B7)) -> StartingX=87, StartingY=54 | I7: =LEFT(A7, SEARCH("=", A7)) & D7 & MID(A7, SEARCH("Tech", A7) - 2, LEN(A7)) -> BeginTeam TeamID=4 Tech=TECH_HUNTING Tech=TECH_MINING RevealMap=0 EndTeam | J7: =LEFT(B7, SEARCH("=", B7)) & D7 & SUBSTITUTE(MID(B7, SEARCH("LeaderType", B7) - 2, LEN(B7)), G7, "StartingX=" & E7 & ",StartingY=" & F7) -> BeginPlayer Team=4 LeaderType=LEADER_CATHERINE LeaderName=Catherine CivDesc=Russian Empire CivShortDesc=TXT_KEY_CIV_RUSSIA_SHORT_DESC CivAdjective=TXT_KEY_CIV_RUSSIA_ADJECTIVE FlagDecal=Art/Interface/TeamColor/FlagDECAL_DoubleEagle.dds WhiteFlag=0 CivType=CIVILIZATION_RUSSIA Color=PLAYERCOLOR_DARK_RED ArtStyle=ARTSTYLE_EUROPEAN PlayableCiv=1 MinorNationStatus=0 StartingGold=100 StartingX=49,StartingY=41 StateReligion= StartingEra=ERA_ANCIENT RandomStartLocation=false CivicOption=CIVICOPTION_GOVERNMENT, Civic=CIVIC_DESPOTISM CivicOption=CIVICOPTION_LEGAL, Civic=CIVIC_BARBARISM CivicOption=CIVICOPTION_LABOR, Civic=CIVIC_TRIBALISM CivicOption=CIVICOPTION_ECONOMY, Civic=CIVIC_DECENTRALIZATION CivicOption=CIVICOPTION_RELIGION, Civic=CIVIC_PAGANISM Handicap=HANDICAP_NOBLE EndPlayer
A8: BeginTeam TeamID=5 Tech=TECH_AGRICULTURE Tech=TECH_HUNTING RevealMap=0 EndTeam | B8: BeginPlayer Team=5 LeaderType=LEADER_CYRUS LeaderName=Cyrus CivDesc=Persian Empire CivShortDesc=TXT_KEY_CIV_PERSIA_SHORT_DESC CivAdjective=TXT_KEY_CIV_PERSIA_ADJECTIVE FlagDecal=Art/Interface/TeamColor/FlagDECAL_Scimitar.dds WhiteFlag=0 CivType=CIVILIZATION_PERSIA Color=PLAYERCOLOR_CYAN ArtStyle=ARTSTYLE_MIDDLE_EAST PlayableCiv=1 MinorNationStatus=0 StartingGold=100 StartingX=98, StartingY=15 StateReligion= StartingEra=ERA_ANCIENT RandomStartLocation=false CivicOption=CIVICOPTION_GOVERNMENT, Civic=CIVIC_DESPOTISM CivicOption=CIVICOPTION_LEGAL, Civic=CIVIC_BARBARISM CivicOption=CIVICOPTION_LABOR, Civic=CIVIC_TRIBALISM CivicOption=CIVICOPTION_ECONOMY, Civic=CIVIC_DECENTRALIZATION CivicOption=CIVICOPTION_RELIGION, Civic=CIVIC_PAGANISM Handicap=HANDICAP_NOBLE EndPlayer | C8: =MID(B8, SEARCH("_", B8) + 1, SEARCH("LeaderName", B8) - SEARCH("_", B8) - 3) -> CYRUS | D8: 5 | E8: {=INDEX('plot type'!EC$2:EC$19, MATCH(SUBSTITUTE($C8, "_", " "), UPPER('plot type'!$EE$2:$EE$19), 0))} -> 70 | F8: {=INDEX('plot type'!ED$2:ED$19, MATCH(SUBSTITUTE($C8, "_", " "), UPPER('plot type'!$EE$2:$EE$19), 0))} -> 27 | G8: =MID(B8, SEARCH("startingx", B8), SEARCH(CHAR(10), B8, SEARCH("startingx", B8)) - SEARCH("startingx", B8)) -> StartingX=98, StartingY=15 | I8: =LEFT(A8, SEARCH("=", A8)) & D8 & MID(A8, SEARCH("Tech", A8) - 2, LEN(A8)) -> BeginTeam TeamID=5 Tech=TECH_AGRICULTURE Tech=TECH_HUNTING RevealMap=0 EndTeam | J8: =LEFT(B8, SEARCH("=", B8)) & D8 & SUBSTITUTE(MID(B8, SEARCH("LeaderType", B8) - 2, LEN(B8)), G8, "StartingX=" & E8 & ",StartingY=" & F8) -> BeginPlayer Team=5 LeaderType=LEADER_CYRUS LeaderName=Cyrus CivDesc=Persian Empire CivShortDesc=TXT_KEY_CIV_PERSIA_SHORT_DESC CivAdjective=TXT_KEY_CIV_PERSIA_ADJECTIVE FlagDecal=Art/Interface/TeamColor/FlagDECAL_Scimitar.dds WhiteFlag=0 CivType=CIVILIZATION_PERSIA Color=PLAYERCOLOR_CYAN ArtStyle=ARTSTYLE_MIDDLE_EAST PlayableCiv=1 MinorNationStatus=0 StartingGold=100 StartingX=70,StartingY=27 StateReligion= StartingEra=ERA_ANCIENT RandomStartLocation=false CivicOption=CIVICOPTION_GOVERNMENT, Civic=CIVIC_DESPOTISM CivicOption=CIVICOPTION_LEGAL, Civic=CIVIC_BARBARISM CivicOption=CIVICOPTION_LABOR, Civic=CIVIC_TRIBALISM CivicOption=CIVICOPTION_ECONOMY, Civic=CIVIC_DECENTRALIZATION CivicOption=CIVICOPTION_RELIGION, Civic=CIVIC_PAGANISM Handicap=HANDICAP_NOBLE EndPlayer
A9: BeginTeam TeamID=12 Tech=TECH_FISHING Tech=TECH_MINING RevealMap=0 EndTeam | B9: BeginPlayer Team=12 LeaderType=LEADER_ELIZABETH LeaderName=Elizabeth CivDesc=English Empire CivShortDesc=TXT_KEY_CIV_ENGLAND_SHORT_DESC CivAdjective=TXT_KEY_CIV_ENGLAND_ADJECTIVE FlagDecal=Art/Interface/TeamColor/FlagDECAL_StGeorgeCross.dds WhiteFlag=0 CivType=CIVILIZATION_ENGLAND Color=PLAYERCOLOR_WHITE ArtStyle=ARTSTYLE_EUROPEAN PlayableCiv=1 MinorNationStatus=0 StartingGold=100 StartingX=50, StartingY=61 StateReligion= StartingEra=ERA_ANCIENT RandomStartLocation=false CivicOption=CIVICOPTION_GOVERNMENT, Civic=CIVIC_DESPOTISM CivicOption=CIVICOPTION_LEGAL, Civic=CIVIC_BARBARISM CivicOption=CIVICOPTION_LABOR, Civic=CIVIC_TRIBALISM CivicOption=CIVICOPTION_ECONOMY, Civic=CIVIC_DECENTRALIZATION CivicOption=CIVICOPTION_RELIGION, Civic=CIVIC_PAGANISM Handicap=HANDICAP_NOBLE EndPlayer | C9: =MID(B9, SEARCH("_", B9) + 1, SEARCH("LeaderName", B9) - SEARCH("_", B9) - 3) -> ELIZABETH | D9: 6 | E9: {=INDEX('plot type'!EC$2:EC$19, MATCH(SUBSTITUTE($C9, "_", " "), UPPER('plot type'!$EE$2:$EE$19), 0))} -> 69 | F9: {=INDEX('plot type'!ED$2:ED$19, MATCH(SUBSTITUTE($C9, "_", " "), UPPER('plot type'!$EE$2:$EE$19), 0))} -> 41 | G9: =MID(B9, SEARCH("startingx", B9), SEARCH(CHAR(10), B9, SEARCH("startingx", B9)) - SEARCH("startingx", B9)) -> StartingX=50, StartingY=61 | I9: =LEFT(A9, SEARCH("=", A9)) & D9 & MID(A9, SEARCH("Tech", A9) - 2, LEN(A9)) -> BeginTeam TeamID=6 Tech=TECH_FISHING Tech=TECH_MINING RevealMap=0 EndTeam | J9: =LEFT(B9, SEARCH("=", B9)) & D9 & SUBSTITUTE(MID(B9, SEARCH("LeaderType", B9) - 2, LEN(B9)), G9, "StartingX=" & E9 & ",StartingY=" & F9) -> BeginPlayer Team=6 LeaderType=LEADER_ELIZABETH LeaderName=Elizabeth CivDesc=English Empire CivShortDesc=TXT_KEY_CIV_ENGLAND_SHORT_DESC CivAdjective=TXT_KEY_CIV_ENGLAND_ADJECTIVE FlagDecal=Art/Interface/TeamColor/FlagDECAL_StGeorgeCross.dds WhiteFlag=0 CivType=CIVILIZATION_ENGLAND Color=PLAYERCOLOR_WHITE ArtStyle=ARTSTYLE_EUROPEAN PlayableCiv=1 MinorNationStatus=0 StartingGold=100 StartingX=69,StartingY=41 StateReligion= StartingEra=ERA_ANCIENT RandomStartLocation=false CivicOption=CIVICOPTION_GOVERNMENT, Civic=CIVIC_DESPOTISM CivicOption=CIVICOPTION_LEGAL, Civic=CIVIC_BARBARISM CivicOption=CIVICOPTION_LABOR, Civic=CIVIC_TRIBALISM CivicOption=CIVICOPTION_ECONOMY, Civic=CIVIC_DECENTRALIZATION CivicOption=CIVICOPTION_RELIGION, Civic=CIVIC_PAGANISM Handicap=HANDICAP_NOBLE EndPlayer
A10: BeginTeam TeamID=7 Tech=TECH_HUNTING Tech=TECH_MINING RevealMap=0 EndTeam | B10: BeginPlayer Team=7 LeaderType=LEADER_FREDERICK LeaderName=Frederick CivDesc=German Empire CivShortDesc=TXT_KEY_CIV_GERMANY_SHORT_DESC CivAdjective=TXT_KEY_CIV_GERMANY_ADJECTIVE FlagDecal=Art/Interface/TeamColor/FlagDECAL_MalteseCross.dds WhiteFlag=0 CivType=CIVILIZATION_GERMANY Color=PLAYERCOLOR_GRAY ArtStyle=ARTSTYLE_EUROPEAN PlayableCiv=1 MinorNationStatus=0 StartingGold=100 StartingX=66, StartingY=58 StateReligion= StartingEra=ERA_ANCIENT RandomStartLocation=false CivicOption=CIVICOPTION_GOVERNMENT, Civic=CIVIC_DESPOTISM CivicOption=CIVICOPTION_LEGAL, Civic=CIVIC_BARBARISM CivicOption=CIVICOPTION_LABOR, Civic=CIVIC_TRIBALISM CivicOption=CIVICOPTION_ECONOMY, Civic=CIVIC_DECENTRALIZATION CivicOption=CIVICOPTION_RELIGION, Civic=CIVIC_PAGANISM Handicap=HANDICAP_NOBLE EndPlayer | C10: =MID(B10, SEARCH("_", B10) + 1, SEARCH("LeaderName", B10) - SEARCH("_", B10) - 3) -> FREDERICK | D10: 7 | E10: {=INDEX('plot type'!EC$2:EC$19, MATCH(SUBSTITUTE($C10, "_", " "), UPPER('plot type'!$EE$2:$EE$19), 0))} -> 49 | F10: {=INDEX('plot type'!ED$2:ED$19, MATCH(SUBSTITUTE($C10, "_", " "), UPPER('plot type'!$EE$2:$EE$19), 0))} -> 61 | G10: =MID(B10, SEARCH("startingx", B10), SEARCH(CHAR(10), B10, SEARCH("startingx", B10)) - SEARCH("startingx", B10)) -> StartingX=66, StartingY=58 | I10: =LEFT(A10, SEARCH("=", A10)) & D10 & MID(A10, SEARCH("Tech", A10) - 2, LEN(A10)) -> BeginTeam TeamID=7 Tech=TECH_HUNTING Tech=TECH_MINING RevealMap=0 EndTeam | J10: =LEFT(B10, SEARCH("=", B10)) & D10 & SUBSTITUTE(MID(B10, SEARCH("LeaderType", B10) - 2, LEN(B10)), G10, "StartingX=" & E10 & ",StartingY=" & F10) -> BeginPlayer Team=7 LeaderType=LEADER_FREDERICK LeaderName=Frederick CivDesc=German Empire CivShortDesc=TXT_KEY_CIV_GERMANY_SHORT_DESC CivAdjective=TXT_KEY_CIV_GERMANY_ADJECTIVE FlagDecal=Art/Interface/TeamColor/FlagDECAL_MalteseCross.dds WhiteFlag=0 CivType=CIVILIZATION_GERMANY Color=PLAYERCOLOR_GRAY ArtStyle=ARTSTYLE_EUROPEAN PlayableCiv=1 MinorNationStatus=0 StartingGold=100 StartingX=49,StartingY=61 StateReligion= StartingEra=ERA_ANCIENT RandomStartLocation=false CivicOption=CIVICOPTION_GOVERNMENT, Civic=CIVIC_DESPOTISM CivicOption=CIVICOPTION_LEGAL, Civic=CIVIC_BARBARISM CivicOption=CIVICOPTION_LABOR, Civic=CIVIC_TRIBALISM CivicOption=CIVICOPTION_ECONOMY, Civic=CIVIC_DECENTRALIZATION CivicOption=CIVICOPTION_RELIGION, Civic=CIVIC_PAGANISM Handicap=HANDICAP_NOBLE EndPlayer
A11: BeginTeam TeamID=8 Tech=TECH_THE_WHEEL Tech=TECH_HUNTING RevealMap=0 EndTeam | B11: BeginPlayer Team=8 LeaderType=LEADER_GENGHIS_KHAN LeaderName=Genghis Khan CivDesc=Mongolian Empire CivShortDesc=TXT_KEY_CIV_MONGOL_SHORT_DESC CivAdjective=TXT_KEY_CIV_MONGOL_ADJECTIVE FlagDecal=Art/Interface/TeamColor/FlagDECAL_Horse.dds WhiteFlag=0 CivType=CIVILIZATION_MONGOL Color=PLAYERCOLOR_BROWN ArtStyle=ARTSTYLE_ASIAN PlayableCiv=1 MinorNationStatus=0 StartingGold=100 StartingX=99, StartingY=51 StateReligion= StartingEra=ERA_ANCIENT RandomStartLocation=false CivicOption=CIVICOPTION_GOVERNMENT, Civic=CIVIC_DESPOTISM CivicOption=CIVICOPTION_LEGAL, Civic=CIVIC_BARBARISM CivicOption=CIVICOPTION_LABOR, Civic=CIVIC_TRIBALISM CivicOption=CIVICOPTION_ECONOMY, Civic=CIVIC_DECENTRALIZATION CivicOption=CIVICOPTION_RELIGION, Civic=CIVIC_PAGANISM Handicap=HANDICAP_NOBLE EndPlayer | C11: =MID(B11, SEARCH("_", B11) + 1, SEARCH("LeaderName", B11) - SEARCH("_", B11) - 3) -> GENGHIS_KHAN | D11: 8 | E11: {=INDEX('plot type'!EC$2:EC$19, MATCH(SUBSTITUTE($C11, "_", " "), UPPER('plot type'!$EE$2:$EE$19), 0))} -> 87 | F11: {=INDEX('plot type'!ED$2:ED$19, MATCH(SUBSTITUTE($C11, "_", " "), UPPER('plot type'!$EE$2:$EE$19), 0))} -> 41 | G11: =MID(B11, SEARCH("startingx", B11), SEARCH(CHAR(10), B11, SEARCH("startingx", B11)) - SEARCH("startingx", B11)) -> StartingX=99, StartingY=51 | I11: =LEFT(A11, SEARCH("=", A11)) & D11 & MID(A11, SEARCH("Tech", A11) - 2, LEN(A11)) -> BeginTeam TeamID=8 Tech=TECH_THE_WHEEL Tech=TECH_HUNTING RevealMap=0 EndTeam | J11: =LEFT(B11, SEARCH("=", B11)) & D11 & SUBSTITUTE(MID(B11, SEARCH("LeaderType", B11) - 2, LEN(B11)), G11, "StartingX=" & E11 & ",StartingY=" & F11) -> BeginPlayer Team=8 LeaderType=LEADER_GENGHIS_KHAN LeaderName=Genghis Khan CivDesc=Mongolian Empire CivShortDesc=TXT_KEY_CIV_MONGOL_SHORT_DESC CivAdjective=TXT_KEY_CIV_MONGOL_ADJECTIVE FlagDecal=Art/Interface/TeamColor/FlagDECAL_Horse.dds WhiteFlag=0 CivType=CIVILIZATION_MONGOL Color=PLAYERCOLOR_BROWN ArtStyle=ARTSTYLE_ASIAN PlayableCiv=1 MinorNationStatus=0 StartingGold=100 StartingX=87,StartingY=41 StateReligion= StartingEra=ERA_ANCIENT RandomStartLocation=false CivicOption=CIVICOPTION_GOVERNMENT, Civic=CIVIC_DESPOTISM CivicOption=CIVICOPTION_LEGAL, Civic=CIVIC_BARBARISM CivicOption=CIVICOPTION_LABOR, Civic=CIVIC_TRIBALISM CivicOption=CIVICOPTION_ECONOMY, Civic=CIVIC_DECENTRALIZATION CivicOption=CIVICOPTION_RELIGION, Civic=CIVIC_PAGANISM Handicap=HANDICAP_NOBLE EndPlayer
A12: BeginTeam TeamID=0 Tech=TECH_THE_WHEEL Tech=TECH_AGRICULTURE EspionageEverAmount=4 RevealMap=0 EndTeam | B12: BeginPlayer Team=0 LeaderType=LEADER_HATSHEPSUT LeaderName=Hatshepsut CivDesc=Egyptian Empire CivShortDesc=TXT_KEY_CIV_EGYPT_SHORT_DESC CivAdjective=TXT_KEY_CIV_EGYPT_ADJECTIVE FlagDecal=Art/Interface/TeamColor/FlagDECAL_EyeOfRa.dds WhiteFlag=0 CivType=CIVILIZATION_EGYPT Color=PLAYERCOLOR_YELLOW ArtStyle=ARTSTYLE_MIDDLE_EAST PlayableCiv=1 MinorNationStatus=0 StartingGold=100 StartingX=69, StartingY=23 StateReligion= StartingEra=ERA_ANCIENT RandomStartLocation=false CivicOption=CIVICOPTION_GOVERNMENT, Civic=CIVIC_DESPOTISM CivicOption=CIVICOPTION_LEGAL, Civic=CIVIC_BARBARISM CivicOption=CIVICOPTION_LABOR, Civic=CIVIC_TRIBALISM CivicOption=CIVICOPTION_ECONOMY, Civic=CIVIC_DECENTRALIZATION CivicOption=CIVICOPTION_RELIGION, Civic=CIVIC_PAGANISM Handicap=HANDICAP_NOBLE EndPlayer | C12: =MID(B12, SEARCH("_", B12) + 1, SEARCH("LeaderName", B12) - SEARCH("_", B12) - 3) -> HATSHEPSUT | D12: 9 | E12: {=INDEX('plot type'!EC$2:EC$19, MATCH(SUBSTITUTE($C12, "_", " "), UPPER('plot type'!$EE$2:$EE$19), 0))} -> 50 | F12: {=INDEX('plot type'!ED$2:ED$19, MATCH(SUBSTITUTE($C12, "_", " "), UPPER('plot type'!$EE$2:$EE$19), 0))} -> 7 | G12: =MID(B12, SEARCH("startingx", B12), SEARCH(CHAR(10), B12, SEARCH("startingx", B12)) - SEARCH("startingx", B12)) -> StartingX=69, StartingY=23 | I12: =LEFT(A12, SEARCH("=", A12)) & D12 & MID(A12, SEARCH("Tech", A12) - 2, LEN(A12)) -> BeginTeam TeamID=9 Tech=TECH_THE_WHEEL Tech=TECH_AGRICULTURE EspionageEverAmount=4 RevealMap=0 EndTeam | J12: =LEFT(B12, SEARCH("=", B12)) & D12 & SUBSTITUTE(MID(B12, SEARCH("LeaderType", B12) - 2, LEN(B12)), G12, "StartingX=" & E12 & ",StartingY=" & F12) -> BeginPlayer Team=9 LeaderType=LEADER_HATSHEPSUT LeaderName=Hatshepsut CivDesc=Egyptian Empire CivShortDesc=TXT_KEY_CIV_EGYPT_SHORT_DESC CivAdjective=TXT_KEY_CIV_EGYPT_ADJECTIVE FlagDecal=Art/Interface/TeamColor/FlagDECAL_EyeOfRa.dds WhiteFlag=0 CivType=CIVILIZATION_EGYPT Color=PLAYERCOLOR_YELLOW ArtStyle=ARTSTYLE_MIDDLE_EAST PlayableCiv=1 MinorNationStatus=0 StartingGold=100 StartingX=50,StartingY=7 StateReligion= StartingEra=ERA_ANCIENT RandomStartLocation=false CivicOption=CIVICOPTION_GOVERNMENT, Civic=CIVIC_DESPOTISM CivicOption=CIVICOPTION_LEGAL, Civic=CIVIC_BARBARISM CivicOption=CIVICOPTION_LABOR, Civic=CIVIC_TRIBALISM CivicOption=CIVICOPTION_ECONOMY, Civic=CIVIC_DECENTRALIZATION CivicOption=CIVICOPTION_RELIGION, Civic=CIVIC_PAGANISM Handicap=HANDICAP_NOBLE EndPlayer
A13: BeginTeam TeamID=15 Tech=TECH_MYSTICISM Tech=TECH_AGRICULTURE RevealMap=0 EndTeam | B13: BeginPlayer Team=15 LeaderType=LEADER_HUAYNA_CAPAC LeaderName=Huayna Capac CivDesc=Incan Empire CivShortDesc=TXT_KEY_CIV_INCA_SHORT_DESC CivAdjective=TXT_KEY_CIV_INCA_ADJECTIVE FlagDecal=Art/Interface/TeamColor/FlagDECAL_Sun.dds WhiteFlag=0 CivType=CIVILIZATION_INCA Color=PLAYERCOLOR_DARK_YELLOW ArtStyle=ARTSTYLE_SOUTH_AMERICA PlayableCiv=1 MinorNationStatus=0 StartingGold=100 StartingX=87, StartingY=8 StateReligion= StartingEra=ERA_ANCIENT RandomStartLocation=false CivicOption=CIVICOPTION_GOVERNMENT, Civic=CIVIC_DESPOTISM CivicOption=CIVICOPTION_LEGAL, Civic=CIVIC_BARBARISM CivicOption=CIVICOPTION_LABOR, Civic=CIVIC_TRIBALISM CivicOption=CIVICOPTION_ECONOMY, Civic=CIVIC_DECENTRALIZATION CivicOption=CIVICOPTION_RELIGION, Civic=CIVIC_PAGANISM Handicap=HANDICAP_NOBLE EndPlayer | C13: =MID(B13, SEARCH("_", B13) + 1, SEARCH("LeaderName", B13) - SEARCH("_", B13) - 3) -> HUAYNA_CAPAC | D13: 10 | E13: {=INDEX('plot type'!EC$2:EC$19, MATCH(SUBSTITUTE($C13, "_", " "), UPPER('plot type'!$EE$2:$EE$19), 0))} -> 107 | F13: {=INDEX('plot type'!ED$2:ED$19, MATCH(SUBSTITUTE($C13, "_", " "), UPPER('plot type'!$EE$2:$EE$19), 0))} -> 8 | G13: =MID(B13, SEARCH("startingx", B13), SEARCH(CHAR(10), B13, SEARCH("startingx", B13)) - SEARCH("startingx", B13)) -> StartingX=87, StartingY=8 | I13: =LEFT(A13, SEARCH("=", A13)) & D13 & MID(A13, SEARCH("Tech", A13) - 2, LEN(A13)) -> BeginTeam TeamID=10 Tech=TECH_MYSTICISM Tech=TECH_AGRICULTURE RevealMap=0 EndTeam | J13: =LEFT(B13, SEARCH("=", B13)) & D13 & SUBSTITUTE(MID(B13, SEARCH("LeaderType", B13) - 2, LEN(B13)), G13, "StartingX=" & E13 & ",StartingY=" & F13) -> BeginPlayer Team=10 LeaderType=LEADER_HUAYNA_CAPAC LeaderName=Huayna Capac CivDesc=Incan Empire CivShortDesc=TXT_KEY_CIV_INCA_SHORT_DESC CivAdjective=TXT_KEY_CIV_INCA_ADJECTIVE FlagDecal=Art/Interface/TeamColor/FlagDECAL_Sun.dds WhiteFlag=0 CivType=CIVILIZATION_INCA Color=PLAYERCOLOR_DARK_YELLOW ArtStyle=ARTSTYLE_SOUTH_AMERICA PlayableCiv=1 MinorNationStatus=0 StartingGold=100 StartingX=107,StartingY=8 StateReligion= StartingEra=ERA_ANCIENT RandomStartLocation=false CivicOption=CIVICOPTION_GOVERNMENT, Civic=CIVIC_DESPOTISM CivicOption=CIVICOPTION_LEGAL, Civic=CIVIC_BARBARISM CivicOption=CIVICOPTION_LABOR, Civic=CIVIC_TRIBALISM CivicOption=CIVICOPTION_ECONOMY, Civic=CIVIC_DECENTRALIZATION CivicOption=CIVICOPTION_RELIGION, Civic=CIVIC_PAGANISM Handicap=HANDICAP_NOBLE EndPlayer
A14: BeginTeam TeamID=11 Tech=TECH_MYSTICISM Tech=TECH_FISHING RevealMap=0 EndTeam | B14: BeginPlayer Team=11 LeaderType=LEADER_ISABELLA LeaderName=Isabella CivDesc=Spanish Empire CivShortDesc=TXT_KEY_CIV_SPAIN_SHORT_DESC CivAdjective=TXT_KEY_CIV_SPAIN_ADJECTIVE FlagDecal=Art/Interface/TeamColor/FlagDECAL_Castle.dds WhiteFlag=0 CivType=CIVILIZATION_SPAIN Color=PLAYERCOLOR_PINK ArtStyle=ARTSTYLE_EUROPEAN PlayableCiv=1 MinorNationStatus=0 StartingGold=100 StartingX=65, StartingY=46 StateReligion= StartingEra=ERA_ANCIENT RandomStartLocation=false CivicOption=CIVICOPTION_GOVERNMENT, Civic=CIVIC_DESPOTISM CivicOption=CIVICOPTION_LEGAL, Civic=CIVIC_BARBARISM CivicOption=CIVICOPTION_LABOR, Civic=CIVIC_TRIBALISM CivicOption=CIVICOPTION_ECONOMY, Civic=CIVIC_DECENTRALIZATION CivicOption=CIVICOPTION_RELIGION, Civic=CIVIC_PAGANISM Handicap=HANDICAP_NOBLE EndPlayer | C14: =MID(B14, SEARCH("_", B14) + 1, SEARCH("LeaderName", B14) - SEARCH("_", B14) - 3) -> ISABELLA | D14: 11 | E14: {=INDEX('plot type'!EC$2:EC$19, MATCH(SUBSTITUTE($C14, "_", " "), UPPER('plot type'!$EE$2:$EE$19), 0))} -> 87 | F14: {=INDEX('plot type'!ED$2:ED$19, MATCH(SUBSTITUTE($C14, "_", " "), UPPER('plot type'!$EE$2:$EE$19), 0))} -> 28 | G14: =MID(B14, SEARCH("startingx", B14), SEARCH(CHAR(10), B14, SEARCH("startingx", B14)) - SEARCH("startingx", B14)) -> StartingX=65, StartingY=46 | I14: =LEFT(A14, SEARCH("=", A14)) & D14 & MID(A14, SEARCH("Tech", A14) - 2, LEN(A14)) -> BeginTeam TeamID=11 Tech=TECH_MYSTICISM Tech=TECH_FISHING RevealMap=0 EndTeam | J14: =LEFT(B14, SEARCH("=", B14)) & D14 & SUBSTITUTE(MID(B14, SEARCH("LeaderType", B14) - 2, LEN(B14)), G14, "StartingX=" & E14 & ",StartingY=" & F14) -> BeginPlayer Team=11 LeaderType=LEADER_ISABELLA LeaderName=Isabella CivDesc=Spanish Empire CivShortDesc=TXT_KEY_CIV_SPAIN_SHORT_DESC CivAdjective=TXT_KEY_CIV_SPAIN_ADJECTIVE FlagDecal=Art/Interface/TeamColor/FlagDECAL_Castle.dds WhiteFlag=0 CivType=CIVILIZATION_SPAIN Color=PLAYERCOLOR_PINK ArtStyle=ARTSTYLE_EUROPEAN PlayableCiv=1 MinorNationStatus=0 StartingGold=100 StartingX=87,StartingY=28 StateReligion= StartingEra=ERA_ANCIENT RandomStartLocation=false CivicOption=CIVICOPTION_GOVERNMENT, Civic=CIVIC_DESPOTISM CivicOption=CIVICOPTION_LEGAL, Civic=CIVIC_BARBARISM CivicOption=CIVICOPTION_LABOR, Civic=CIVIC_TRIBALISM CivicOption=CIVICOPTION_ECONOMY, Civic=CIVIC_DECENTRALIZATION CivicOption=CIVICOPTION_RELIGION, Civic=CIVIC_PAGANISM Handicap=HANDICAP_NOBLE EndPlayer
... A20: BeginTeam TeamID=6 Tech=TECH_FISHING Tech=TECH_THE_WHEEL RevealMap=0 EndTeam | B20: BeginPlayer Team=6 LeaderType=LEADER_TOKUGAWA LeaderName=Tokugawa CivDesc=Japanese Empire CivShortDesc=TXT_KEY_CIV_JAPAN_SHORT_DESC CivAdjective=TXT_KEY_CIV_JAPAN_ADJECTIVE FlagDecal=Art/Interface/TeamColor/FlagDECAL_Dot.dds WhiteFlag=0 CivType=CIVILIZATION_JAPAN Color=PLAYERCOLOR_RED ArtStyle=ARTSTYLE_ASIAN PlayableCiv=1 MinorNationStatus=0 StartingGold=100 StartingX=105, StartingY=60 StateReligion= StartingEra=ERA_ANCIENT RandomStartLocation=false CivicOption=CIVICOPTION_GOVERNMENT, Civic=CIVIC_DESPOTISM CivicOption=CIVICOPTION_LEGAL, Civic=CIVIC_BARBARISM CivicOption=CIVICOPTION_LABOR, Civic=CIVIC_TRIBALISM CivicOption=CIVICOPTION_ECONOMY, Civic=CIVIC_DECENTRALIZATION CivicOption=CIVICOPTION_RELIGION, Civic=CIVIC_PAGANISM Handicap=HANDICAP_NOBLE EndPlayer | C20: =MID(B20, SEARCH("_", B20) + 1, SEARCH("LeaderName", B20) - SEARCH("_", B20) - 3) -> TOKUGAWA | D20: 17 | E20: {=INDEX('plot type'!EC$2:EC$19, MATCH(SUBSTITUTE($C20, "_", " "), UPPER('plot type'!$EE$2:$EE$19), 0))} -> 107 | F20: {=INDEX('plot type'!ED$2:ED$19, MATCH(SUBSTITUTE($C20, "_", " "), UPPER('plot type'!$EE$2:$EE$19), 0))} -> 41 | G20: =MID(B20, SEARCH("startingx", B20), SEARCH(CHAR(10), B20, SEARCH("startingx", B20)) - SEARCH("startingx", B20)) -> StartingX=105, StartingY=60 | I20: =LEFT(A20, SEARCH("=", A20)) & D20 & MID(A20, SEARCH("Tech", A20) - 2, LEN(A20)) -> BeginTeam TeamID=17 Tech=TECH_FISHING Tech=TECH_THE_WHEEL RevealMap=0 EndTeam | J20: =LEFT(B20, SEARCH("=", B20)) & D20 & SUBSTITUTE(MID(B20, SEARCH("LeaderType", B20) - 2, LEN(B20)), G20, "StartingX=" & E20 & ",StartingY=" & F20) -> BeginPlayer Team=17 LeaderType=LEADER_TOKUGAWA LeaderName=Tokugawa CivDesc=Japanese Empire CivShortDesc=TXT_KEY_CIV_JAPAN_SHORT_DESC CivAdjective=TXT_KEY_CIV_JAPAN_ADJECTIVE FlagDecal=Art/Interface/TeamColor/FlagDECAL_Dot.dds WhiteFlag=0 CivType=CIVILIZATION_JAPAN Color=PLAYERCOLOR_RED ArtStyle=ARTSTYLE_ASIAN PlayableCiv=1 MinorNationStatus=0 StartingGold=100 StartingX=107,StartingY=41 StateReligion= StartingEra=ERA_ANCIENT RandomStartLocation=false CivicOption=CIVICOPTION_GOVERNMENT, Civic=CIVIC_DESPOTISM CivicOption=CIVICOPTION_LEGAL, Civic=CIVIC_BARBARISM CivicOption=CIVICOPTION_LABOR, Civic=CIVIC_TRIBALISM CivicOption=CIVICOPTION_ECONOMY, Civic=CIVIC_DECENTRALIZATION CivicOption=CIVICOPTION_RELIGION, Civic=CIVIC_PAGANISM Handicap=HANDICAP_NOBLE EndPlayer
B23: =LEN(A3) -> 103 | C23: =LEN(B3) -> 810
B24: =LEN(A4) -> 102 | C24: =LEN(B4) -> 814 | J24: BeginTeam TeamID=0 Tech=TECH_HUNTING Tech=TECH_AGRICULTURE ContactWithTeam=1 RevealMap=0 EndTeam BeginTeam TeamID=1 Tech=TECH_HUNTING Tech=TECH_AGRICULTURE ContactWithTeam=0 RevealMap=0 EndTeam BeginTeam TeamID=2 Tech=TECH_FISHING Tech=TECH_HUNTING EspionageTeam=5, EspionageAmount=5 EspionageEverAmount=9 RevealMap=0 EndTeam BeginTeam TeamID=3 Tech=TECH_MYSTICISM Tech=TECH_MINING EspionageTeam=10, EspionageAmount=4 EspionageEverAmount=8 RevealMap=0 EndTeam BeginTeam TeamID=4 Tech=TECH_HUNTING Tech=TECH_MINING RevealMap=0 EndTeam BeginTeam TeamID=5 Tech=TECH_AGRICULTURE Tech=TECH_HUNTING RevealMap=0 EndTeam BeginTeam TeamID=6 Tech=TECH_FISHING Tech=TECH_MINING RevealMap=0 EndTeam BeginTeam TeamID=7 Tech=TECH_HUNTING Tech=TECH_MINING RevealMap=0 EndTeam BeginTeam TeamID=8 Tech=TECH_THE_WHEEL Tech=TECH_HUNTING RevealMap=0 EndTeam BeginTeam TeamID=9 Tech=TECH_THE_WHEEL Tech=TECH_AGRICULTURE EspionageEverAmount=4 RevealMap=0 EndTeam BeginTeam TeamID=10 Tech=TECH_MYSTICISM Tech=TECH_AGRICULTURE RevealMap=0 EndTeam BeginTeam TeamID=11 Tech=TECH_MYSTICISM Tech=TECH_FISHING RevealMap=0 EndTeam BeginTeam TeamID=12 Tech=TECH_THE_WHEEL Tech=TECH_AGRICULTURE RevealMap=0 EndTeam BeginTeam TeamID=13 Tech=TECH_THE_WHEEL Tech=TECH_MINING RevealMap=0 EndTeam BeginTeam TeamID=14 Tech=TECH_MYSTICISM Tech=TECH_HUNTING RevealMap=0 EndTeam BeginTeam TeamID=15 Tech=TECH_AGRICULTURE Tech=TECH_MINING EspionageTeam=5, EspionageAmount=5 EspionageEverAmount=9 RevealMap=0 EndTeam BeginTeam TeamID=16 Tech=TECH_MYSTICISM Tech=TECH_THE_WHEEL RevealMap=0 EndTeam BeginTeam TeamID=17 Tech=TECH_FISHING Tech=TECH_THE_WHEEL RevealMap=0 EndTeam BeginPlayer Team=0 LeaderType=LEADER_FRANKLIN_ROOSEVELT LeaderName=Jack CivDesc=American Empire CivShortDesc=TXT_KEY_CIV_AMERICA_SHORT_DESC CivAdjective=TXT_KEY_CIV_AMERICA_ADJECTIVE FlagDecal=Art/Interface/TeamColor/FlagDECAL_Star.dds WhiteFlag=0 CivType=CIVILIZATION_AMERICA Color=PLAYERCOLOR_BLUE ArtStyle=ARTSTYLE_EUROPEAN PlayableCiv=1 MinorNationStatus=0 StartingGold=100 StartingX=28, StartingY=45 StateReligion= StartingEra=ERA_ANCIENT RandomStartLocation=false CivicOption=CIVICOPTION_GOVERNMENT, Civic=CIVIC_DESPOTISM CivicOption=CIVICOPTION_LEGAL, Civic=CIVIC_BARBARISM CivicOption=CIVICOPTION_LABOR, Civic=CIVIC_TRIBALISM CivicOption=CIVICOPTION_ECONOMY, Civic=CIVIC_DECENTRALIZATION CivicOption=CIVICOPTION_RELIGION, Civic=CIVIC_PAGANISM Handicap=HANDICAP_NOBLE EndPlayer BeginPlayer Team=1 LeaderType=LEADER_JULIUS_CAESAR LeaderName=Julius Caesar CivDesc=Roman Empire CivShortDesc=TXT_KEY_CIV_ROME_SHORT_DESC CivAdjective=TXT_KEY_CIV_ROME_ADJECTIVE FlagDecal=Art/Interface/TeamColor/FlagDECAL_Laurels.dds WhiteFlag=0 CivType=CIVILIZATION_ROME Color=PLAYERCOLOR_DARK_PURPLE ArtStyle=ARTSTYLE_GRECO_ROMAN PlayableCiv=1 MinorNationStatus=0 StartingGold=100 StartingX=22, StartingY=17 StateReligion= StartingEra=ERA_ANCIENT RandomStartLocation=false CivicOption=CIVICOPTION_GOVERNMENT, Civic=CIVIC_DESPOTISM CivicOption=CIVICOPTION_LEGAL, Civic=CIVIC_BARBARISM CivicOption=CIVICOPTION_LABOR, Civic=CIVIC_TRIBALISM CivicOption=CIVICOPTION_ECONOMY, Civic=CIVIC_DECENTRALIZATION CivicOption=CIVICOPTION_RELIGION, Civic=CIVIC_PAGANISM Handicap=HANDICAP_NOBLE EndPlayer BeginPlayer Team=2 LeaderType=LEADER_ALEXANDER LeaderName=Alexander CivDesc=Greek Empire CivShortDesc=TXT_KEY_CIV_GREECE_SHORT_DESC CivAdjective=TXT_KEY_CIV_GREECE_ADJECTIVE FlagDecal=Art/Interface/TeamColor/FlagDECAL_Helmet.dds WhiteFlag=0 CivType=CIVILIZATION_GREECE Color=PLAYERCOLOR_LIGHT_BLUE ArtStyle=ARTSTYLE_GRECO_ROMAN PlayableCiv=1 MinorNationStatus=0 StartingGold=100 StartingX=67, StartingY=6 StateReligion= StartingEra=ERA_ANCIENT RandomStartLocation=false CivicOption=CIVICOPTION_GOVERNMENT, Civic=CIVIC_DESPOTISM CivicOption=CIVICOPTION_LEGAL, Civic=CIVIC_BARBARISM CivicOption=CIVICOPTION_LABOR, Civic=CIVIC_TRIBALISM CivicOption=CIVICOPTION_ECONOMY, Civic=CIVIC_DECENTRALIZATION CivicOption=CIVICOPTION_RELIGION, Civic=CIVIC_PAGANISM Handicap=HANDICAP_NOBLE EndPlayer BeginPlayer Team=3 LeaderType=LEADER_ASOKA LeaderName=Asoka CivDesc=Indian Empire CivShortDesc=TXT_KEY_CIV_INDIA_SHORT_DESC CivAdjective=TXT_KEY_CIV_INDIA_ADJECTIVE FlagDecal=Art/Interface/TeamColor/FlagDECAL_WheelOfLaw.dds WhiteFlag=0 CivType=CIVILIZATION_INDIA Color=PLAYERCOLOR_PURPLE ArtStyle=ARTSTYLE_ASIAN PlayableCiv=1 MinorNationStatus=0 StartingGold=100 StartingX=90, StartingY=40 StateReligion= StartingEra=ERA_ANCIENT RandomStartLocation=false CivicOption=CIVICOPTION_GOVERNMENT, Civic=CIVIC_DESPOTISM CivicOption=CIVICOPTION_LEGAL, Civic=CIVIC_BARBARISM CivicOption=CIVICOPTION_LABOR, Civic=CIVIC_TRIBALISM CivicOption=CIVICOPTION_ECONOMY, Civic=CIVIC_DECENTRALIZATION CivicOption=CIVICOPTION_RELIGION, Civic=CIVIC_PAGANISM Handicap=HANDICAP_NOBLE EndPlayer BeginPlayer Team=4 LeaderType=LEADER_CATHERINE LeaderName=Catherine CivDesc=Russian Empire CivShortDesc=TXT_KEY_CIV_RUSSIA_SHORT_DESC CivAdjective=TXT_KEY_CIV_RUSSIA_ADJECTIVE FlagDecal=Art/Interface/TeamColor/FlagDECAL_DoubleEagle.dds WhiteFlag=0 CivType=CIVILIZATION_RUSSIA Color=PLAYERCOLOR_DARK_RED ArtStyle=ARTSTYLE_EUROPEAN PlayableCiv=1 MinorNationStatus=0 StartingGold=100 StartingX=87, StartingY=54 StateReligion= StartingEra=ERA_ANCIENT RandomStartLocation=false CivicOption=CIVICOPTION_GOVERNMENT, Civic=CIVIC_DESPOTISM CivicOption=CIVICOPTION_LEGAL, Civic=CIVIC_BARBARISM CivicOption=CIVICOPTION_LABOR, Civic=CIVIC_TRIBALISM CivicOption=CIVICOPTION_ECONOMY, Civic=CIVIC_DECENTRALIZATION CivicOption=CIVICOPTION_RELIGION, Civic=CIVIC_PAGANISM Handicap=HANDICAP_NOBLE EndPlayer BeginPlayer Team=5 LeaderType=LEADER_CYRUS LeaderName=Cyrus CivDesc=Persian Empire CivShortDesc=TXT_KEY_CIV_PERSIA_SHORT_DESC CivAdjective=TXT_KEY_CIV_PERSIA_ADJECTIVE FlagDecal=Art/Interface/TeamColor/FlagDECAL_Scimitar.dds WhiteFlag=0 CivType=CIVILIZATION_PERSIA Color=PLAYERCOLOR_CYAN ArtStyle=ARTSTYLE_MIDDLE_EAST PlayableCiv=1 MinorNationStatus=0 StartingGold=100 StartingX=98, StartingY=15 StateReligion= StartingEra=ERA_ANCIENT RandomStartLocation=false CivicOption=CIVICOPTION_GOVERNMENT, Civic=CIVIC_DESPOTISM CivicOption=CIVICOPTION_LEGAL, Civic=CIVIC_BARBARISM CivicOption=CIVICOPTION_LABOR, Civic=CIVIC_TRIBALISM CivicOption=CIVICOPTION_ECONOMY, Civic=CIVIC_DECENTRALIZATION CivicOption=CIVICOPTION_RELIGION, Civic=CIVIC_PAGANISM Handicap=HANDICAP_NOBLE EndPlayer BeginPlayer Team=6 LeaderType=LEADER_ELIZABETH LeaderName=Elizabeth CivDesc=English Empire CivShortDesc=TXT_KEY_CIV_ENGLAND_SHORT_DESC CivAdjective=TXT_KEY_CIV_ENGLAND_ADJECTIVE FlagDecal=Art/Interface/TeamColor/FlagDECAL_StGeorgeCross.dds WhiteFlag=0 CivType=CIVILIZATION_ENGLAND Color=PLAYERCOLOR_WHITE ArtStyle=ARTSTYLE_EUROPEAN PlayableCiv=1 MinorNationStatus=0 StartingGold=100 StartingX=50, StartingY=61 StateReligion= StartingEra=ERA_ANCIENT RandomStartLocation=false CivicOption=CIVICOPTION_GOVERNMENT, Civic=CIVIC_DESPOTISM CivicOption=CIVICOPTION_LEGAL, Civic=CIVIC_BARBARISM CivicOption=CIVICOPTION_LABOR, Civic=CIVIC_TRIBALISM CivicOption=CIVICOPTION_ECONOMY, Civic=CIVIC_DECENTRALIZATION CivicOption=CIVICOPTION_RELIGION, Civic=CIVIC_PAGANISM Handicap=HANDICAP_NOBLE EndPlayer BeginPlayer Team=7 LeaderType=LEADER_FREDERICK LeaderName=Frederick CivDesc=German Empire CivShortDesc=TXT_KEY_CIV_GERMANY_SHORT_DESC CivAdjective=TXT_KEY_CIV_GERMANY_ADJECTIVE FlagDecal=Art/Interface/TeamColor/FlagDECAL_MalteseCross.dds WhiteFlag=0 CivType=CIVILIZATION_GERMANY Color=PLAYERCOLOR_GRAY ArtStyle=ARTSTYLE_EUROPEAN PlayableCiv=1 MinorNationStatus=0 StartingGold=100 StartingX=66, StartingY=58 StateReligion= StartingEra=ERA_ANCIENT RandomStartLocation=false CivicOption=CIVICOPTION_GOVERNMENT, Civic=CIVIC_DESPOTISM CivicOption=CIVICOPTION_LEGAL, Civic=CIVIC_BARBARISM CivicOption=CIVICOPTION_LABOR, Civic=CIVIC_TRIBALISM CivicOption=CIVICOPTION_ECONOMY, Civic=CIVIC_DECENTRALIZATION CivicOption=CIVICOPTION_RELIGION, Civic=CIVIC_PAGANISM Handicap=HANDICAP_NOBLE EndPlayer BeginPlayer Team=8 LeaderType=LEADER_GENGHIS_KHAN LeaderName=Genghis Khan CivDesc=Mongolian Empire CivShortDesc=TXT_KEY_CIV_MONGOL_SHORT_DESC CivAdjective=TXT_KEY_CIV_MONGOL_ADJECTIVE FlagDecal=Art/Interface/TeamColor/FlagDECAL_Horse.dds WhiteFlag=0 CivType=CIVILIZATION_MONGOL Color=PLAYERCOLOR_BROWN ArtStyle=ARTSTYLE_ASIAN PlayableCiv=1 MinorNationStatus=0 StartingGold=100 StartingX=99, StartingY=51 StateReligion= StartingEra=ERA_ANCIENT RandomStartLocation=false CivicOption=CIVICOPTION_GOVERNMENT, Civic=CIVIC_DESPOTISM CivicOption=CIVICOPTION_LEGAL, Civic=CIVIC_BARBARISM CivicOption=CIVICOPTION_LABOR, Civic=CIVIC_TRIBALISM CivicOption=CIVICOPTION_ECONOMY, Civic=CIVIC_DECENTRALIZATION CivicOption=CIVICOPTION_RELIGION, Civic=CIVIC_PAGANISM Handicap=HANDICAP_NOBLE EndPlayer BeginPlayer Team=9 LeaderType=LEADER_HATSHEPSUT LeaderName=Hatshepsut CivDesc=Egyptian Empire CivShortDesc=TXT_KEY_CIV_EGYPT_SHORT_DESC CivAdjective=TXT_KEY_CIV_EGYPT_ADJECTIVE FlagDecal=Art/Interface/TeamColor/FlagDECAL_EyeOfRa.dds WhiteFlag=0 CivType=CIVILIZATION_EGYPT Color=PLAYERCOLOR_YELLOW ArtStyle=ARTSTYLE_MIDDLE_EAST PlayableCiv=1 MinorNationStatus=0 StartingGold=100 StartingX=69, StartingY=23 StateReligion= StartingEra=ERA_ANCIENT RandomStartLocation=false CivicOption=CIVICOPTION_GOVERNMENT, Civic=CIVIC_DESPOTISM CivicOption=CIVICOPTION_LEGAL, Civic=CIVIC_BARBARISM CivicOption=CIVICOPTION_LABOR, Civic=CIVIC_TRIBALISM CivicOption=CIVICOPTION_ECONOMY, Civic=CIVIC_DECENTRALIZATION CivicOption=CIVICOPTION_RELIGION, Civic=CIVIC_PAGANISM Handicap=HANDICAP_NOBLE EndPlayer BeginPlayer Team=10 LeaderType=LEADER_HUAYNA_CAPAC LeaderName=Huayna Capac CivDesc=Incan Empire CivShortDesc=TXT_KEY_CIV_INCA_SHORT_DESC CivAdjective=TXT_KEY_CIV_INCA_ADJECTIVE FlagDecal=Art/Interface/TeamColor/FlagDECAL_Sun.dds WhiteFlag=0 CivType=CIVILIZATION_INCA Color=PLAYERCOLOR_DARK_YELLOW ArtStyle=ARTSTYLE_SOUTH_AMERICA PlayableCiv=1 MinorNationStatus=0 StartingGold=100 StartingX=87, StartingY=8 StateReligion= StartingEra=ERA_ANCIENT RandomStartLocation=false CivicOption=CIVICOPTION_GOVERNMENT, Civic=CIVIC_DESPOTISM CivicOption=CIVICOPTION_LEGAL, Civic=CIVIC_BARBARISM CivicOption=CIVICOPTION_LABOR, Civic=CIVIC_TRIBALISM CivicOption=CIVICOPTION_ECONOMY, Civic=CIVIC_DECENTRALIZATION CivicOption=CIVICOPTION_RELIGION, Civic=CIVIC_PAGANISM Handicap=HANDICAP_NOBLE EndPlayer BeginPlayer Team=11 LeaderType=LEADER_ISABELLA LeaderName=Isabella CivDesc=Spanish Empire CivShortDesc=TXT_KEY_CIV_SPAIN_SHORT_DESC CivAdjective=TXT_KEY_CIV_SPAIN_ADJECTIVE FlagDecal=Art/Interface/TeamColor/FlagDECAL_Castle.dds WhiteFlag=0 CivType=CIVILIZATION_SPAIN Color=PLAYERCOLOR_PINK ArtStyle=ARTSTYLE_EUROPEAN PlayableCiv=1 MinorNationStatus=0 StartingGold=100 StartingX=65, StartingY=46 StateReligion= StartingEra=ERA_ANCIENT RandomStartLocation=false CivicOption=CIVICOPTION_GOVERNMENT, Civic=CIVIC_DESPOTISM CivicOption=CIVICOPTION_LEGAL, Civic=CIVIC_BARBARISM CivicOption=CIVICOPTION_LABOR, Civic=CIVIC_TRIBALISM CivicOption=CIVICOPTION_ECONOMY, Civic=CIVIC_DECENTRALIZATION CivicOption=CIVICOPTION_RELIGION, Civic=CIVIC_PAGANISM Handicap=HANDICAP_NOBLE EndPlayer BeginPlayer Team=12 LeaderType=LEADER_LOUIS_XIV LeaderName=Louis XIV CivDesc=French Empire CivShortDesc=TXT_KEY_CIV_FRANCE_SHORT_DESC CivAdjective=TXT_KEY_CIV_FRANCE_ADJECTIVE FlagDecal=Art/Interface/TeamColor/FlagDECAL_FleurDeLis.dds WhiteFlag=0 CivType=CIVILIZATION_FRANCE Color=PLAYERCOLOR_DARK_BLUE ArtStyle=ARTSTYLE_EUROPEAN PlayableCiv=1 MinorNationStatus=0 StartingGold=100 StartingX=58, StartingY=51 StateReligion= StartingEra=ERA_ANCIENT RandomStartLocation=false CivicOption=CIVICOPTION_GOVERNMENT, Civic=CIVIC_DESPOTISM CivicOption=CIVICOPTION_LEGAL, Civic=CIVIC_BARBARISM CivicOption=CIVICOPTION_LABOR, Civic=CIVIC_TRIBALISM CivicOption=CIVICOPTION_ECONOMY, Civic=CIVIC_DECENTRALIZATION CivicOption=CIVICOPTION_RELIGION, Civic=CIVIC_PAGANISM Handicap=HANDICAP_NOBLE EndPlayer BeginPlayer Team=13 LeaderType=LEADER_MANSA_MUSA LeaderName=Mansa Musa CivDesc=Malinese Empire CivShortDesc=TXT_KEY_CIV_MALI_SHORT_DESC CivAdjective=TXT_KEY_CIV_MALI_ADJECTIVE FlagDecal=Art/Interface/TeamColor/FlagDECAL_Mask.dds WhiteFlag=0 CivType=CIVILIZATION_MALI Color=PLAYERCOLOR_PEACH ArtStyle=ARTSTYLE_MIDDLE_EAST PlayableCiv=1 MinorNationStatus=0 StartingGold=100 StartingX=55, StartingY=22 StateReligion= StartingEra=ERA_ANCIENT RandomStartLocation=false CivicOption=CIVICOPTION_GOVERNMENT, Civic=CIVIC_DESPOTISM CivicOption=CIVICOPTION_LEGAL, Civic=CIVIC_BARBARISM CivicOption=CIVICOPTION_LABOR, Civic=CIVIC_TRIBALISM CivicOption=CIVICOPTION_ECONOMY, Civic=CIVIC_DECENTRALIZATION CivicOption=CIVICOPTION_RELIGION, Civic=CIVIC_PAGANISM Handicap=HANDICAP_NOBLE EndPlayer BeginPlayer Team=14 LeaderType=LEADER_MONTEZUMA LeaderName=Montezuma CivDesc=Aztec Empire CivShortDesc=TXT_KEY_CIV_AZTEC_SHORT_DESC CivAdjective=TXT_KEY_CIV_AZTEC_ADJECTIVE FlagDecal=Art/Interface/TeamColor/FlagDECAL_AztecCalendar.dds WhiteFlag=0 CivType=CIVILIZATION_AZTEC Color=PLAYERCOLOR_GREEN ArtStyle=ARTSTYLE_SOUTH_AMERICA PlayableCiv=1 MinorNationStatus=0 StartingGold=0 StartingX=19, StartingY=37 StateReligion= StartingEra=ERA_ANCIENT RandomStartLocation=false CivicOption=CIVICOPTION_GOVERNMENT, Civic=CIVIC_DESPOTISM CivicOption=CIVICOPTION_LEGAL, Civic=CIVIC_BARBARISM CivicOption=CIVICOPTION_LABOR, Civic=CIVIC_TRIBALISM CivicOption=CIVICOPTION_ECONOMY, Civic=CIVIC_DECENTRALIZATION CivicOption=CIVICOPTION_RELIGION, Civic=CIVIC_PAGANISM Handicap=HANDICAP_NOBLE EndPlayer BeginPlayer Team=15 LeaderType=LEADER_QIN_SHI_HUANG LeaderName=Qin Shi Huang CivDesc=Chinese Empire CivShortDesc=TXT_KEY_CIV_CHINA_SHORT_DESC CivAdjective=TXT_KEY_CIV_CHINA_ADJECTIVE FlagDecal=Art/Interface/TeamColor/FlagDECAL_Dragon.dds WhiteFlag=0 CivType=CIVILIZATION_CHINA Color=PLAYERCOLOR_DARK_PINK ArtStyle=ARTSTYLE_ASIAN PlayableCiv=1 MinorNationStatus=0 StartingGold=100 StartingX=102, StartingY=42 StateReligion= StartingEra=ERA_ANCIENT RandomStartLocation=false CivicOption=CIVICOPTION_GOVERNMENT, Civic=CIVIC_DESPOTISM CivicOption=CIVICOPTION_LEGAL, Civic=CIVIC_BARBARISM CivicOption=CIVICOPTION_LABOR, Civic=CIVIC_TRIBALISM CivicOption=CIVICOPTION_ECONOMY, Civic=CIVIC_DECENTRALIZATION CivicOption=CIVICOPTION_RELIGION, Civic=CIVIC_PAGANISM Handicap=HANDICAP_NOBLE EndPlayer BeginPlayer Team=16 LeaderType=LEADER_SALADIN LeaderName=Saladin CivDesc=Arabian Empire CivShortDesc=TXT_KEY_CIV_ARABIA_SHORT_DESC CivAdjective=TXT_KEY_CIV_ARABIA_ADJECTIVE FlagDecal=Art/Interface/TeamColor/FlagDECAL_Arabic.dds WhiteFlag=0 CivType=CIVILIZATION_ARABIA Color=PLAYERCOLOR_LIGHT_GREEN ArtStyle=ARTSTYLE_MIDDLE_EAST PlayableCiv=1 MinorNationStatus=0 StartingGold=100 StartingX=50, StartingY=13 StateReligion= StartingEra=ERA_ANCIENT RandomStartLocation=false CivicOption=CIVICOPTION_GOVERNMENT, Civic=CIVIC_DESPOTISM CivicOption=CIVICOPTION_LEGAL, Civic=CIVIC_BARBARISM CivicOption=CIVICOPTION_LABOR, Civic=CIVIC_TRIBALISM CivicOption=CIVICOPTION_ECONOMY, Civic=CIVIC_DECENTRALIZATION CivicOption=CIVICOPTION_RELIGION, Civic=CIVIC_PAGANISM Handicap=HANDICAP_NOBLE EndPlayer BeginPlayer Team=17 LeaderType=LEADER_TOKUGAWA LeaderName=Tokugawa CivDesc=Japanese Empire CivShortDesc=TXT_KEY_CIV_JAPAN_SHORT_DESC CivAdjective=TXT_KEY_CIV_JAPAN_ADJECTIVE FlagDecal=Art/Interface/TeamColor/FlagDECAL_Dot.dds WhiteFlag=0 CivType=CIVILIZATION_JAPAN Color=PLAYERCOLOR_RED ArtStyle=ARTSTYLE_ASIAN PlayableCiv=1 MinorNationStatus=0 StartingGold=100 StartingX=105, StartingY=60 StateReligion= StartingEra=ERA_ANCIENT RandomStartLocation=false CivicOption=CIVICOPTION_GOVERNMENT, Civic=CIVIC_DESPOTISM CivicOption=CIVICOPTION_LEGAL, Civic=CIVIC_BARBARISM CivicOption=CIVICOPTION_LABOR, Civic=CIVIC_TRIBALISM CivicOption=CIVICOPTION_ECONOMY, Civic=CIVIC_DECENTRALIZATION CivicOption=CIVICOPTION_RELIGION, Civic=CIVIC_PAGANISM Handicap=HANDICAP_NOBLE EndPlayer
B25: =LEN(A5) -> 138 | C25: =LEN(B5) -> 809 | J25: BeginTeam TeamID=0 Tech=TECH_THE_WHEEL Tech=TECH_AGRICULTURE EspionageEverAmount=4 ContactWithTeam=0 RevealMap=0 EndTeam BeginTeam TeamID=1 Tech=TECH_MYSTICISM Tech=TECH_MINING EspionageTeam=10, EspionageAmount=4 EspionageEverAmount=8 ContactWithTeam=1 ContactWithTeam=10 RevealMap=0 EndTeam BeginTeam TeamID=2 Tech=TECH_AGRICULTURE Tech=TECH_MINING EspionageTeam=5, EspionageAmount=5 EspionageEverAmount=9 ContactWithTeam=2 ContactWithTeam=5 RevealMap=0 EndTeam BeginTeam TeamID=3 Tech=TECH_FISHING Tech=TECH_HUNTING EspionageTeam=5, EspionageAmount=5 EspionageEverAmount=9 ContactWithTeam=3 ContactWithTeam=5 RevealMap=0 EndTeam BeginTeam TeamID=4 Tech=TECH_FISHING Tech=TECH_MINING ContactWithTeam=4 RevealMap=0 EndTeam BeginTeam TeamID=5 Tech=TECH_AGRICULTURE Tech=TECH_HUNTING ContactWithTeam=2 ContactWithTeam=3 ContactWithTeam=5 ContactWithTeam=7 ContactWithTeam=8 ContactWithTeam=14 RevealMap=0 EndTeam BeginTeam TeamID=6 Tech=TECH_FISHING Tech=TECH_THE_WHEEL ContactWithTeam=6 RevealMap=0 EndTeam BeginTeam TeamID=7 Tech=TECH_HUNTING Tech=TECH_MINING ContactWithTeam=5 ContactWithTeam=7 RevealMap=0 EndTeam BeginTeam TeamID=8 Tech=TECH_THE_WHEEL Tech=TECH_HUNTING ContactWithTeam=5 ContactWithTeam=8 RevealMap=0 EndTeam BeginTeam TeamID=9 Tech=TECH_THE_WHEEL Tech=TECH_AGRICULTURE ContactWithTeam=9 RevealMap=0 EndTeam BeginTeam TeamID=10 Tech=TECH_MYSTICISM Tech=TECH_THE_WHEEL ContactWithTeam=1 ContactWithTeam=10 RevealMap=0 EndTeam BeginTeam TeamID=11 Tech=TECH_MYSTICISM Tech=TECH_FISHING ContactWithTeam=11 RevealMap=0 EndTeam BeginTeam TeamID=12 Tech=TECH_FISHING Tech=TECH_MINING ContactWithTeam=12 RevealMap=0 EndTeam BeginTeam TeamID=13 Tech=TECH_HUNTING Tech=TECH_MINING ContactWithTeam=13 RevealMap=0 EndTeam BeginTeam TeamID=14 Tech=TECH_THE_WHEEL Tech=TECH_MINING ContactWithTeam=5 ContactWithTeam=14 RevealMap=0 EndTeam BeginTeam TeamID=15 Tech=TECH_MYSTICISM Tech=TECH_AGRICULTURE ContactWithTeam=15 RevealMap=0 EndTeam BeginTeam TeamID=16 Tech=TECH_MYSTICISM Tech=TECH_HUNTING ContactWithTeam=16 RevealMap=0 EndTeam BeginTeam TeamID=17 Tech=TECH_FISHING Tech=TECH_AGRICULTURE ContactWithTeam=17 RevealMap=0 EndTeam BeginPlayer Team=0 LeaderType=LEADER_HATSHEPSUT LeaderName=Hatshepsut CivDesc=Egyptian Empire CivShortDesc=TXT_KEY_CIV_EGYPT_SHORT_DESC CivAdjective=TXT_KEY_CIV_EGYPT_ADJECTIVE FlagDecal=Art/Interface/TeamColor/FlagDECAL_EyeOfRa.dds WhiteFlag=0 CivType=CIVILIZATION_EGYPT Color=PLAYERCOLOR_YELLOW ArtStyle=ARTSTYLE_MIDDLE_EAST PlayableCiv=1 MinorNationStatus=0 StartingGold=100 StartingX=69, StartingY=23 StateReligion= StartingEra=ERA_ANCIENT RandomStartLocation=false CivicOption=CIVICOPTION_GOVERNMENT, Civic=CIVIC_DESPOTISM CivicOption=CIVICOPTION_LEGAL, Civic=CIVIC_BARBARISM CivicOption=CIVICOPTION_LABOR, Civic=CIVIC_TRIBALISM CivicOption=CIVICOPTION_ECONOMY, Civic=CIVIC_DECENTRALIZATION CivicOption=CIVICOPTION_RELIGION, Civic=CIVIC_PAGANISM Handicap=HANDICAP_NOBLE EndPlayer BeginPlayer Team=1 LeaderType=LEADER_ASOKA LeaderName=Asoka CivDesc=Indian Empire CivShortDesc=TXT_KEY_CIV_INDIA_SHORT_DESC CivAdjective=TXT_KEY_CIV_INDIA_ADJECTIVE FlagDecal=Art/Interface/TeamColor/FlagDECAL_WheelOfLaw.dds WhiteFlag=0 CivType=CIVILIZATION_INDIA Color=PLAYERCOLOR_PURPLE ArtStyle=ARTSTYLE_ASIAN PlayableCiv=1 MinorNationStatus=0 StartingGold=100 StartingX=90, StartingY=40 StateReligion= StartingEra=ERA_ANCIENT RandomStartLocation=false CivicOption=CIVICOPTION_GOVERNMENT, Civic=CIVIC_DESPOTISM CivicOption=CIVICOPTION_LEGAL, Civic=CIVIC_BARBARISM CivicOption=CIVICOPTION_LABOR, Civic=CIVIC_TRIBALISM CivicOption=CIVICOPTION_ECONOMY, Civic=CIVIC_DECENTRALIZATION CivicOption=CIVICOPTION_RELIGION, Civic=CIVIC_PAGANISM Handicap=HANDICAP_NOBLE EndPlayer BeginPlayer Team=2 LeaderType=LEADER_QIN_SHI_HUANG LeaderName=Qin Shi Huang CivDesc=Chinese Empire CivShortDesc=TXT_KEY_CIV_CHINA_SHORT_DESC CivAdjective=TXT_KEY_CIV_CHINA_ADJECTIVE FlagDecal=Art/Interface/TeamColor/FlagDECAL_Dragon.dds WhiteFlag=0 CivType=CIVILIZATION_CHINA Color=PLAYERCOLOR_DARK_PINK ArtStyle=ARTSTYLE_ASIAN PlayableCiv=1 MinorNationStatus=0 StartingGold=100 StartingX=102, StartingY=42 StateReligion= StartingEra=ERA_ANCIENT RandomStartLocation=false CivicOption=CIVICOPTION_GOVERNMENT, Civic=CIVIC_DESPOTISM CivicOption=CIVICOPTION_LEGAL, Civic=CIVIC_BARBARISM CivicOption=CIVICOPTION_LABOR, Civic=CIVIC_TRIBALISM CivicOption=CIVICOPTION_ECONOMY, Civic=CIVIC_DECENTRALIZATION CivicOption=CIVICOPTION_RELIGION, Civic=CIVIC_PAGANISM Handicap=HANDICAP_NOBLE EndPlayer BeginPlayer Team=3 LeaderType=LEADER_ALEXANDER LeaderName=Alexander CivDesc=Greek Empire CivShortDesc=TXT_KEY_CIV_GREECE_SHORT_DESC CivAdjective=TXT_KEY_CIV_GREECE_ADJECTIVE FlagDecal=Art/Interface/TeamColor/FlagDECAL_Helmet.dds WhiteFlag=0 CivType=CIVILIZATION_GREECE Color=PLAYERCOLOR_LIGHT_BLUE ArtStyle=ARTSTYLE_GRECO_ROMAN PlayableCiv=1 MinorNationStatus=0 StartingGold=100 StartingX=67, StartingY=6 StateReligion= StartingEra=ERA_ANCIENT RandomStartLocation=false CivicOption=CIVICOPTION_GOVERNMENT, Civic=CIVIC_DESPOTISM CivicOption=CIVICOPTION_LEGAL, Civic=CIVIC_BARBARISM CivicOption=CIVICOPTION_LABOR, Civic=CIVIC_TRIBALISM CivicOption=CIVICOPTION_ECONOMY, Civic=CIVIC_DECENTRALIZATION CivicOption=CIVICOPTION_RELIGION, Civic=CIVIC_PAGANISM Handicap=HANDICAP_NOBLE EndPlayer BeginPlayer Team=4 LeaderType=LEADER_JULIUS_CAESAR LeaderName=Julius Caesar CivDesc=Roman Empire CivShortDesc=TXT_KEY_CIV_ROME_SHORT_DESC CivAdjective=TXT_KEY_CIV_ROME_ADJECTIVE FlagDecal=Art/Interface/TeamColor/FlagDECAL_Laurels.dds WhiteFlag=0 CivType=CIVILIZATION_ROME Color=PLAYERCOLOR_DARK_PURPLE ArtStyle=ARTSTYLE_GRECO_ROMAN PlayableCiv=1 MinorNationStatus=0 StartingGold=100 StartingX=22, StartingY=17 StateReligion= StartingEra=ERA_ANCIENT RandomStartLocation=false CivicOption=CIVICOPTION_GOVERNMENT, Civic=CIVIC_DESPOTISM CivicOption=CIVICOPTION_LEGAL, Civic=CIVIC_BARBARISM CivicOption=CIVICOPTION_LABOR, Civic=CIVIC_TRIBALISM CivicOption=CIVICOPTION_ECONOMY, Civic=CIVIC_DECENTRALIZATION CivicOption=CIVICOPTION_RELIGION, Civic=CIVIC_PAGANISM Handicap=HANDICAP_NOBLE EndPlayer BeginPlayer Team=5 LeaderType=LEADER_CYRUS LeaderName=Cyrus CivDesc=Persian Empire CivShortDesc=TXT_KEY_CIV_PERSIA_SHORT_DESC CivAdjective=TXT_KEY_CIV_PERSIA_ADJECTIVE FlagDecal=Art/Interface/TeamColor/FlagDECAL_Scimitar.dds WhiteFlag=0 CivType=CIVILIZATION_PERSIA Color=PLAYERCOLOR_CYAN ArtStyle=ARTSTYLE_MIDDLE_EAST PlayableCiv=1 MinorNationStatus=0 StartingGold=100 StartingX=98, StartingY=15 StateReligion= StartingEra=ERA_ANCIENT RandomStartLocation=false CivicOption=CIVICOPTION_GOVERNMENT, Civic=CIVIC_DESPOTISM CivicOption=CIVICOPTION_LEGAL, Civic=CIVIC_BARBARISM CivicOption=CIVICOPTION_LABOR, Civic=CIVIC_TRIBALISM CivicOption=CIVICOPTION_ECONOMY, Civic=CIVIC_DECENTRALIZATION CivicOption=CIVICOPTION_RELIGION, Civic=CIVIC_PAGANISM Handicap=HANDICAP_NOBLE EndPlayer BeginPlayer Team=6 LeaderType=LEADER_TOKUGAWA LeaderName=Tokugawa CivDesc=Japanese Empire CivShortDesc=TXT_KEY_CIV_JAPAN_SHORT_DESC CivAdjective=TXT_KEY_CIV_JAPAN_ADJECTIVE FlagDecal=Art/Interface/TeamColor/FlagDECAL_Dot.dds WhiteFlag=0 CivType=CIVILIZATION_JAPAN Color=PLAYERCOLOR_RED ArtStyle=ARTSTYLE_ASIAN PlayableCiv=1 MinorNationStatus=0 StartingGold=100 StartingX=105, StartingY=60 StateReligion= StartingEra=ERA_ANCIENT RandomStartLocation=false CivicOption=CIVICOPTION_GOVERNMENT, Civic=CIVIC_DESPOTISM CivicOption=CIVICOPTION_LEGAL, Civic=CIVIC_BARBARISM CivicOption=CIVICOPTION_LABOR, Civic=CIVIC_TRIBALISM CivicOption=CIVICOPTION_ECONOMY, Civic=CIVIC_DECENTRALIZATION CivicOption=CIVICOPTION_RELIGION, Civic=CIVIC_PAGANISM Handicap=HANDICAP_NOBLE EndPlayer BeginPlayer Team=7 LeaderType=LEADER_FREDERICK LeaderName=Frederick CivDesc=German Empire CivShortDesc=TXT_KEY_CIV_GERMANY_SHORT_DESC CivAdjective=TXT_KEY_CIV_GERMANY_ADJECTIVE FlagDecal=Art/Interface/TeamColor/FlagDECAL_MalteseCross.dds WhiteFlag=0 CivType=CIVILIZATION_GERMANY Color=PLAYERCOLOR_GRAY ArtStyle=ARTSTYLE_EUROPEAN PlayableCiv=1 MinorNationStatus=0 StartingGold=100 StartingX=66, StartingY=58 StateReligion= StartingEra=ERA_ANCIENT RandomStartLocation=false CivicOption=CIVICOPTION_GOVERNMENT, Civic=CIVIC_DESPOTISM CivicOption=CIVICOPTION_LEGAL, Civic=CIVIC_BARBARISM CivicOption=CIVICOPTION_LABOR, Civic=CIVIC_TRIBALISM CivicOption=CIVICOPTION_ECONOMY, Civic=CIVIC_DECENTRALIZATION CivicOption=CIVICOPTION_RELIGION, Civic=CIVIC_PAGANISM Handicap=HANDICAP_NOBLE EndPlayer BeginPlayer Team=8 LeaderType=LEADER_GENGHIS_KHAN LeaderName=Genghis Khan CivDesc=Mongolian Empire CivShortDesc=TXT_KEY_CIV_MONGOL_SHORT_DESC CivAdjective=TXT_KEY_CIV_MONGOL_ADJECTIVE FlagDecal=Art/Interface/TeamColor/FlagDECAL_Horse.dds WhiteFlag=0 CivType=CIVILIZATION_MONGOL Color=PLAYERCOLOR_BROWN ArtStyle=ARTSTYLE_ASIAN PlayableCiv=1 MinorNationStatus=0 StartingGold=100 StartingX=99, StartingY=51 StateReligion= StartingEra=ERA_ANCIENT RandomStartLocation=false CivicOption=CIVICOPTION_GOVERNMENT, Civic=CIVIC_DESPOTISM CivicOption=CIVICOPTION_LEGAL, Civic=CIVIC_BARBARISM CivicOption=CIVICOPTION_LABOR, Civic=CIVIC_TRIBALISM CivicOption=CIVICOPTION_ECONOMY, Civic=CIVIC_DECENTRALIZATION CivicOption=CIVICOPTION_RELIGION, Civic=CIVIC_PAGANISM Handicap=HANDICAP_NOBLE EndPlayer BeginPlayer Team=9 LeaderType=LEADER_LOUIS_XIV LeaderName=Louis XIV CivDesc=French Empire CivShortDesc=TXT_KEY_CIV_FRANCE_SHORT_DESC CivAdjective=TXT_KEY_CIV_FRANCE_ADJECTIVE FlagDecal=Art/Interface/TeamColor/FlagDECAL_FleurDeLis.dds WhiteFlag=0 CivType=CIVILIZATION_FRANCE Color=PLAYERCOLOR_DARK_BLUE ArtStyle=ARTSTYLE_EUROPEAN PlayableCiv=1 MinorNationStatus=0 StartingGold=100 StartingX=58, StartingY=51 StateReligion= StartingEra=ERA_ANCIENT RandomStartLocation=false CivicOption=CIVICOPTION_GOVERNMENT, Civic=CIVIC_DESPOTISM CivicOption=CIVICOPTION_LEGAL, Civic=CIVIC_BARBARISM CivicOption=CIVICOPTION_LABOR, Civic=CIVIC_TRIBALISM CivicOption=CIVICOPTION_ECONOMY, Civic=CIVIC_DECENTRALIZATION CivicOption=CIVICOPTION_RELIGION, Civic=CIVIC_PAGANISM Handicap=HANDICAP_NOBLE EndPlayer BeginPlayer Team=10 LeaderType=LEADER_SALADIN LeaderName=Saladin CivDesc=Arabian Empire CivShortDesc=TXT_KEY_CIV_ARABIA_SHORT_DESC CivAdjective=TXT_KEY_CIV_ARABIA_ADJECTIVE FlagDecal=Art/Interface/TeamColor/FlagDECAL_Arabic.dds WhiteFlag=0 CivType=CIVILIZATION_ARABIA Color=PLAYERCOLOR_LIGHT_GREEN ArtStyle=ARTSTYLE_MIDDLE_EAST PlayableCiv=1 MinorNationStatus=0 StartingGold=100 StartingX=50, StartingY=13 StateReligion= StartingEra=ERA_ANCIENT RandomStartLocation=false CivicOption=CIVICOPTION_GOVERNMENT, Civic=CIVIC_DESPOTISM CivicOption=CIVICOPTION_LEGAL, Civic=CIVIC_BARBARISM CivicOption=CIVICOPTION_LABOR, Civic=CIVIC_TRIBALISM CivicOption=CIVICOPTION_ECONOMY, Civic=CIVIC_DECENTRALIZATION CivicOption=CIVICOPTION_RELIGION, Civic=CIVIC_PAGANISM Handicap=HANDICAP_NOBLE EndPlayer BeginPlayer Team=11 LeaderType=LEADER_ISABELLA LeaderName=Isabella CivDesc=Spanish Empire CivShortDesc=TXT_KEY_CIV_SPAIN_SHORT_DESC CivAdjective=TXT_KEY_CIV_SPAIN_ADJECTIVE FlagDecal=Art/Interface/TeamColor/FlagDECAL_Castle.dds WhiteFlag=0 CivType=CIVILIZATION_SPAIN Color=PLAYERCOLOR_PINK ArtStyle=ARTSTYLE_EUROPEAN PlayableCiv=1 MinorNationStatus=0 StartingGold=100 StartingX=65, StartingY=46 StateReligion= StartingEra=ERA_ANCIENT RandomStartLocation=false CivicOption=CIVICOPTION_GOVERNMENT, Civic=CIVIC_DESPOTISM CivicOption=CIVICOPTION_LEGAL, Civic=CIVIC_BARBARISM CivicOption=CIVICOPTION_LABOR, Civic=CIVIC_TRIBALISM CivicOption=CIVICOPTION_ECONOMY, Civic=CIVIC_DECENTRALIZATION CivicOption=CIVICOPTION_RELIGION, Civic=CIVIC_PAGANISM Handicap=HANDICAP_NOBLE EndPlayer BeginPlayer Team=12 LeaderType=LEADER_ELIZABETH LeaderName=Elizabeth CivDesc=English Empire CivShortDesc=TXT_KEY_CIV_ENGLAND_SHORT_DESC CivAdjective=TXT_KEY_CIV_ENGLAND_ADJECTIVE FlagDecal=Art/Interface/TeamColor/FlagDECAL_StGeorgeCross.dds WhiteFlag=0 CivType=CIVILIZATION_ENGLAND Color=PLAYERCOLOR_WHITE ArtStyle=ARTSTYLE_EUROPEAN PlayableCiv=1 MinorNationStatus=0 StartingGold=100 StartingX=50, StartingY=61 StateReligion= StartingEra=ERA_ANCIENT RandomStartLocation=false CivicOption=CIVICOPTION_GOVERNMENT, Civic=CIVIC_DESPOTISM CivicOption=CIVICOPTION_LEGAL, Civic=CIVIC_BARBARISM CivicOption=CIVICOPTION_LABOR, Civic=CIVIC_TRIBALISM CivicOption=CIVICOPTION_ECONOMY, Civic=CIVIC_DECENTRALIZATION CivicOption=CIVICOPTION_RELIGION, Civic=CIVIC_PAGANISM Handicap=HANDICAP_NOBLE EndPlayer BeginPlayer Team=13 LeaderType=LEADER_CATHERINE LeaderName=Catherine CivDesc=Russian Empire CivShortDesc=TXT_KEY_CIV_RUSSIA_SHORT_DESC CivAdjective=TXT_KEY_CIV_RUSSIA_ADJECTIVE FlagDecal=Art/Interface/TeamColor/FlagDECAL_DoubleEagle.dds WhiteFlag=0 CivType=CIVILIZATION_RUSSIA Color=PLAYERCOLOR_DARK_RED ArtStyle=ARTSTYLE_EUROPEAN PlayableCiv=1 MinorNationStatus=0 StartingGold=100 StartingX=87, StartingY=54 StateReligion= StartingEra=ERA_ANCIENT RandomStartLocation=false CivicOption=CIVICOPTION_GOVERNMENT, Civic=CIVIC_DESPOTISM CivicOption=CIVICOPTION_LEGAL, Civic=CIVIC_BARBARISM CivicOption=CIVICOPTION_LABOR, Civic=CIVIC_TRIBALISM CivicOption=CIVICOPTION_ECONOMY, Civic=CIVIC_DECENTRALIZATION CivicOption=CIVICOPTION_RELIGION, Civic=CIVIC_PAGANISM Handicap=HANDICAP_NOBLE EndPlayer BeginPlayer Team=14 LeaderType=LEADER_MANSA_MUSA LeaderName=Mansa Musa CivDesc=Malinese Empire CivShortDesc=TXT_KEY_CIV_MALI_SHORT_DESC CivAdjective=TXT_KEY_CIV_MALI_ADJECTIVE FlagDecal=Art/Interface/TeamColor/FlagDECAL_Mask.dds WhiteFlag=0 CivType=CIVILIZATION_MALI Color=PLAYERCOLOR_PEACH ArtStyle=ARTSTYLE_MIDDLE_EAST PlayableCiv=1 MinorNationStatus=0 StartingGold=100 StartingX=55, StartingY=22 StateReligion= StartingEra=ERA_ANCIENT RandomStartLocation=false CivicOption=CIVICOPTION_GOVERNMENT, Civic=CIVIC_DESPOTISM CivicOption=CIVICOPTION_LEGAL, Civic=CIVIC_BARBARISM CivicOption=CIVICOPTION_LABOR, Civic=CIVIC_TRIBALISM CivicOption=CIVICOPTION_ECONOMY, Civic=CIVIC_DECENTRALIZATION CivicOption=CIVICOPTION_RELIGION, Civic=CIVIC_PAGANISM Handicap=HANDICAP_NOBLE EndPlayer BeginPlayer Team=15 LeaderType=LEADER_HUAYNA_CAPAC LeaderName=Huayna Capac CivDesc=Incan Empire CivShortDesc=TXT_KEY_CIV_INCA_SHORT_DESC CivAdjective=TXT_KEY_CIV_INCA_ADJECTIVE FlagDecal=Art/Interface/TeamColor/FlagDECAL_Sun.dds WhiteFlag=0 CivType=CIVILIZATION_INCA Color=PLAYERCOLOR_DARK_YELLOW ArtStyle=ARTSTYLE_SOUTH_AMERICA PlayableCiv=1 MinorNationStatus=0 StartingGold=100 StartingX=87, StartingY=8 StateReligion= StartingEra=ERA_ANCIENT RandomStartLocation=false CivicOption=CIVICOPTION_GOVERNMENT, Civic=CIVIC_DESPOTISM CivicOption=CIVICOPTION_LEGAL, Civic=CIVIC_BARBARISM CivicOption=CIVICOPTION_LABOR, Civic=CIVIC_TRIBALISM CivicOption=CIVICOPTION_ECONOMY, Civic=CIVIC_DECENTRALIZATION CivicOption=CIVICOPTION_RELIGION, Civic=CIVIC_PAGANISM Handicap=HANDICAP_NOBLE EndPlayer BeginPlayer Team=16 LeaderType=LEADER_MONTEZUMA LeaderName=Montezuma CivDesc=Aztec Empire CivShortDesc=TXT_KEY_CIV_AZTEC_SHORT_DESC CivAdjective=TXT_KEY_CIV_AZTEC_ADJECTIVE FlagDecal=Art/Interface/TeamColor/FlagDECAL_AztecCalendar.dds WhiteFlag=0 CivType=CIVILIZATION_AZTEC Color=PLAYERCOLOR_GREEN ArtStyle=ARTSTYLE_SOUTH_AMERICA PlayableCiv=1 MinorNationStatus=0 StartingGold=100 StartingX=104, StartingY=26 StateReligion= StartingEra=ERA_ANCIENT RandomStartLocation=false CivicOption=CIVICOPTION_GOVERNMENT, Civic=CIVIC_DESPOTISM CivicOption=CIVICOPTION_LEGAL, Civic=CIVIC_BARBARISM CivicOption=CIVICOPTION_LABOR, Civic=CIVIC_TRIBALISM CivicOption=CIVICOPTION_ECONOMY, Civic=CIVIC_DECENTRALIZATION CivicOption=CIVICOPTION_RELIGION, Civic=CIVIC_PAGANISM Handicap=HANDICAP_NOBLE EndPlayer BeginPlayer Team=17 LeaderType=LEADER_FRANKLIN_ROOSEVELT LeaderName=Jack CivDesc=American Empire CivShortDesc=TXT_KEY_CIV_AMERICA_SHORT_DESC CivAdjective=TXT_KEY_CIV_AMERICA_ADJECTIVE FlagDecal=Art/Interface/TeamColor/FlagDECAL_Star.dds WhiteFlag=0 CivType=CIVILIZATION_AMERICA Color=PLAYERCOLOR_BLUE ArtStyle=ARTSTYLE_EUROPEAN PlayableCiv=1 MinorNationStatus=0 StartingGold=100 StartingX=28, StartingY=45 StateReligion= StartingEra=ERA_ANCIENT RandomStartLocation=false CivicOption=CIVICOPTION_GOVERNMENT, Civic=CIVIC_DESPOTISM CivicOption=CIVICOPTION_LEGAL, Civic=CIVIC_BARBARISM CivicOption=CIVICOPTION_LABOR, Civic=CIVIC_TRIBALISM CivicOption=CIVICOPTION_ECONOMY, Civic=CIVIC_DECENTRALIZATION CivicOption=CIVICOPTION_RELIGION, Civic=CIVIC_PAGANISM Handicap=HANDICAP_NOBLE EndPlayer
B26: =LEN(A6) -> 140 | C26: =LEN(B6) -> 794
B27: =LEN(A7) -> 79 | C27: =LEN(B7) -> 813 | J27: =LEN(J24) -> 16243
B28: =LEN(A8) -> 83 | C28: =LEN(B8) -> 800 | J28: =LEN(J25) -> 16782
B29: =LEN(A9) -> 79 | C29: =LEN(B9) -> 815
B30: =LEN(A10) -> 78 | C30: =LEN(B10) -> 811
B31: =LEN(A11) -> 81 | C31: =LEN(B11) -> 808
B32: =LEN(A12) -> 108 | C32: =LEN(B12) -> 809
B33: =LEN(A13) -> 86 | C33: =LEN(B13) -> 810
B34: =LEN(A14) -> 82 | C34: =LEN(B14) -> 799
B35: =LEN(A15) -> 85 | C35: =LEN(B15) -> 811
B36: =LEN(A16) -> 81 | C36: =LEN(B16) -> 803
B37: =LEN(A17) -> 82 | C37: =LEN(B17) -> 810
B38: =LEN(A18) -> 141 | C38: =LEN(B18) -> 811
B39: =LEN(A19) -> 84 | C39: =LEN(B19) -> 810
B40: =LEN(A20) -> 81 | C40: =LEN(B20) -> 793

Sheet plot type
A1: 3 | B1: 3 | C1: 0 | D1: 3 | E1: 3 | F1: 3 | G1: 3 | H1: 3 | I1: 3 | J1: 3 | K1: 3 | L1: 3 | M1: 3 | N1: 3 | O1: 3 | P1: 3 | Q1: 3 | R1: 3 | S1: 3 | T1: 3 | U1: 3 | V1: 3 | W1: 3 | X1: 3 | Y1: 3 | Z1: 3 | AA1: 3 | AB1: 3 | AC1: 3 | AD1: 3 | AE1: 3 | AF1: 3 | AG1: 3 | AH1: 3 | AI1: 3 | AJ1: 3 | AK1: 3 | AL1: 3 | AM1: 3 | AN1: 3 | AO1: 3 | AP1: 3 | AQ1: 0 | AR1: 3 | AS1: 3 | AT1: 3 | AU1: 3 | AV1: 3 | AW1: 3 | AX1: 3 | AY1: 3 | AZ1: 3 | BA1: 3 | BB1: 3 | BC1: 3 | BD1: 3 | BE1: 3 | BF1: 3 | BG1: 3 | BH1: 3 | BI1: 3 | BJ1: 3 | BK1: 3 | BL1: 3 | BM1: 3 | BN1: 3 | BO1: 3 | BP1: 3 | BQ1: 3 | BR1: 3 | BS1: 3 | BT1: 3 | BU1: 3 | BV1: 3 | BW1: 3 | BX1: 3 | BY1: 3 | BZ1: 3 | CA1: 3 | CB1: 3 | CC1: 3 | CD1: 3 | CE1: 3 | CF1: 3 | CG1: 3 | CH1: 3 | CI1: 3 | CJ1: 3 | CK1: 3 | CL1: 3 | CM1: 3 | CN1: 3 | CO1: 3 | CP1: 3 | CQ1: 3 | CR1: 3 | CS1: 3 | CT1: 3 | CU1: 3 | CV1: 3 | CW1: 3 | CX1: 3 | CY1: 3 | CZ1: 3 | DA1: 3 | DB1: 3 | DC1: 3 | DD1: 3 | DE1: 3 | DF1: 3 | DG1: 3 | DH1: 3 | DI1: 3 | DJ1: 3 | DK1: 3 | DL1: 3 | DM1: 3 | DN1: 3 | DO1: 3 | DP1: 3 | DQ1: 3 | DR1: 3 | DS1: 3 | DT1: 3 | DU1: 0 | DV1: mountains | DY1: y= | DZ1: 67 | EC1: x | ED1: y
A2: 3 | B2: 3 | C2: 0 | D2: 3 | E2: 3 | F2: 3 | G2: 3 | H2: 3 | I2: 3 | J2: 3 | K2: 3 | L2: 3 | M2: 3 | N2: 3 | O2: 3 | P2: 3 | Q2: 3 | R2: 3 | S2: 3 | T2: 3 | U2: 3 | V2: 3 | W2: 3 | X2: 3 | Y2: 3 | Z2: 3 | AA2: 3 | AB2: 3 | AC2: 3 | AD2: 3 | AE2: 3 | AF2: 3 | AG2: 3 | AH2: 3 | AI2: 3 | AJ2: 3 | AK2: 3 | AL2: 3 | AM2: 3 | AN2: 3 | AO2: 3 | AP2: 3 | AQ2: 0 | AR2: 3 | AS2: 3 | AT2: 3 | AU2: 3 | AV2: 3 | AW2: 3 | AX2: 3 | AY2: 3 | AZ2: 3 | BA2: 3 | BB2: 3 | BC2: 3 | BD2: 3 | BE2: 3 | BF2: 3 | BG2: 3 | BH2: 3 | BI2: 3 | BJ2: 3 | BK2: 3 | BL2: 3 | BM2: 3 | BN2: 3 | BO2: 3 | BP2: 3 | BQ2: 3 | BR2: 3 | BS2: 3 | BT2: 3 | BU2: 3 | BV2: 3 | BW2: 3 | BX2: 3 | BY2: 3 | BZ2: 3 | CA2: 3 | CB2: 3 | CC2: 3 | CD2: 3 | CE2: 3 | CF2: 3 | CG2: 3 | CH2: 3 | CI2: 3 | CJ2: 3 | CK2: 3 | CL2: 3 | CM2: 3 | CN2: 3 | CO2: 3 | CP2: 3 | CQ2: 3 | CR2: 3 | CS2: 3 | CT2: 3 | CU2: 3 | CV2: 3 | CW2: 3 | CX2: 3 | CY2: 3 | CZ2: 3 | DA2: 3 | DB2: 3 | DC2: 3 | DD2: 3 | DE2: 3 | DF2: 3 | DG2: 3 | DH2: 3 | DI2: 3 | DJ2: 3 | DK2: 3 | DL2: 3 | DM2: 3 | DN2: 3 | DO2: 3 | DP2: 3 | DQ2: 3 | DR2: 3 | DS2: 3 | DT2: 3 | DU2: 1 | DV2: hills | DZ2: 66 | EB2: W Mediterranean | EC2: 87 | ED2: 28 | EE2: Isabella | EJ2: 65 | EK2: 46 | EN2: =COUNTIF($EB$2:$EB$19, EO2) -> 1 | EO2: Africa
A3: 3 | B3: 3 | C3: 0 | D3: 3 | E3: 3 | F3: 3 | G3: 3 | H3: 3 | I3: 3 | J3: 3 | K3: 3 | L3: 3 | M3: 3 | N3: 3 | O3: 3 | P3: 3 | Q3: 3 | R3: 3 | S3: 3 | T3: 3 | U3: 3 | V3: 3 | W3: 3 | X3: 3 | Y3: 3 | Z3: 3 | AA3: 3 | AB3: 3 | AC3: 3 | AD3: 3 | AE3: 3 | AF3: 3 | AG3: 3 | AH3: 3 | AI3: 3 | AJ3: 3 | AK3: 3 | AL3: 3 | AM3: 3 | AN3: 3 | AO3: 3 | AP3: 3 | AQ3: 0 | AR3: 3 | AS3: 3 | AT3: 3 | AU3: 3 | AV3: 3 | AW3: 3 | AX3: 3 | AY3: 3 | AZ3: 3 | BA3: 3 | BB3: 3 | BC3: 3 | BD3: 3 | BE3: 3 | BF3: 3 | BG3: 3 | BH3: 3 | BI3: 3 | BJ3: 3 | BK3: 3 | BL3: 3 | BM3: 3 | BN3: 3 | BO3: 3 | BP3: 3 | BQ3: 3 | BR3: 3 | BS3: 3 | BT3: 3 | BU3: 3 | BV3: 3 | BW3: 3 | BX3: 3 | BY3: 3 | BZ3: 3 | CA3: 3 | CB3: 3 | CC3: 3 | CD3: 3 | CE3: 3 | CF3: 3 | CG3: 3 | CH3: 3 | CI3: 3 | CJ3: 3 | CK3: 3 | CL3: 3 | CM3: 3 | CN3: 3 | CO3: 3 | CP3: 3 | CQ3: 3 | CR3: 3 | CS3: 3 | CT3: 3 | CU3: 3 | CV3: 3 | CW3: 3 | CX3: 3 | CY3: 3 | CZ3: 3 | DA3: 3 | DB3: 3 | DC3: 3 | DD3: 3 | DE3: 3 | DF3: 3 | DG3: 3 | DH3: 3 | DI3: 3 | DJ3: 3 | DK3: 3 | DL3: 3 | DM3: 3 | DN3: 3 | DO3: 3 | DP3: 3 | DQ3: 3 | DR3: 3 | DS3: 3 | DT3: 3 | DU3: 2 | DV3: flatlands | DZ3: 65 | EB3: Africa | EC3: 107 | ED3: 28 | EE3: Mansa Musa | EJ3: 55 | EK3: 22 | EN3: =COUNTIF($EB$2:$EB$19, EO3) -> 2 | EO3: Americas
A4: 3 | B4: 3 | C4: 0 | D4: 3 | E4: 3 | F4: 3 | G4: 3 | H4: 3 | I4: 3 | J4: 3 | K4: 3 | L4: 3 | M4: 3 | N4: 3 | O4: 3 | P4: 3 | Q4: 3 | R4: 3 | S4: 3 | T4: 3 | U4: 3 | V4: 3 | W4: 3 | X4: 3 | Y4: 3 | Z4: 3 | AA4: 3 | AB4: 3 | AC4: 3 | AD4: 3 | AE4: 3 | AF4: 3 | AG4: 3 | AH4: 3 | AI4: 3 | AJ4: 3 | AK4: 3 | AL4: 3 | AM4: 3 | AN4: 3 | AO4: 3 | AP4: 3 | AQ4: 0 | AR4: 3 | AS4: 3 | AT4: 3 | AU4: 3 | AV4: 3 | AW4: 3 | AX4: 3 | AY4: 3 | AZ4: 3 | BA4: 3 | BB4: 3 | BC4: 3 | BD4: 3 | BE4: 3 | BF4: 3 | BG4: 3 | BH4: 3 | BI4: 3 | BJ4: 3 | BK4: 3 | BL4: 3 | BM4: 3 | BN4: 3 | BO4: 3 | BP4: 3 | BQ4: 3 | BR4: 3 | BS4: 3 | BT4: 3 | BU4: 3 | BV4: 3 | BW4: 3 | BX4: 3 | BY4: 3 | BZ4: 3 | CA4: 3 | CB4: 3 | CC4: 3 | CD4: 3 | CE4: 3 | CF4: 3 | CG4: 3 | CH4: 3 | CI4: 3 | CJ4: 3 | CK4: 3 | CL4: 3 | CM4: 3 | CN4: 3 | CO4: 3 | CP4: 3 | CQ4: 3 | CR4: 3 | CS4: 3 | CT4: 3 | CU4: 3 | CV4: 3 | CW4: 3 | CX4: 3 | CY4: 3 | CZ4: 3 | DA4: 3 | DB4: 3 | DC4: 3 | DD4: 3 | DE4: 3 | DF4: 3 | DG4: 3 | DH4: 3 | DI4: 3 | DJ4: 3 | DK4: 3 | DL4: 3 | DM4: 3 | DN4: 3 | DO4: 3 | DP4: 3 | DQ4: 3 | DR4: 3 | DS4: 3 | DT4: 3 | DU4: 3 | DV4: water | DZ4: 64 | EB4: Americas | EC4: 107 | ED4: 8 | EE4: Huayna Capac | EJ4: 87 | EK4: 8 | EN4: =COUNTIF($EB$2:$EB$19, EO4) -> 4 | EO4: Asia
A5: 3 | B5: 3 | C5: 0 | D5: 3 | E5: 3 | F5: 3 | G5: 3 | H5: 3 | I5: 3 | J5: 3 | K5: 3 | L5: 3 | M5: 3 | N5: 3 | O5: 3 | P5: 3 | Q5: 3 | R5: 3 | S5: 3 | T5: 3 | U5: 3 | V5: 3 | W5: 3 | X5: 3 | Y5: 3 | Z5: 3 | AA5: 3 | AB5: 3 | AC5: 3 | AD5: 3 | AE5: 3 | AF5: 3 | AG5: 3 | AH5: 3 | AI5: 3 | AJ5: 3 | AK5: 3 | AL5: 3 | AM5: 3 | AN5: 3 | AO5: 3 | AP5: 3 | AQ5: 0 | AR5: 3 | AS5: 3 | AT5: 3 | AU5: 3 | AV5: 3 | AW5: 3 | AX5: 3 | AY5: 2 | AZ5: 2 | BA5: 2 | BB5: 3 | BC5: 2 | BD5: 2 | BE5: 2 | BF5: 2 | BG5: 3 | BH5: 1 | BI5: 2 | BJ5: 2 | BK5: 3 | BL5: 3 | BM5: 3 | BN5: 3 | BO5: 3 | BP5: 2 | BQ5: 1 | BR5: 3 | BS5: 3 | BT5: 3 | BU5: 3 | BV5: 3 | BW5: 3 | BX5: 3 | BY5: 3 | BZ5: 3 | CA5: 3 | CB5: 3 | CC5: 3 | CD5: 3 | CE5: 3 | CF5: 3 | CG5: 3 | CH5: =OFFSET($N$9, ROW() - ROW($CH$5), COLUMN($DF$5) - COLUMN()) -> 3 | CI5: =OFFSET($N$9, ROW() - ROW($CH$5), COLUMN($DF$5) - COLUMN()) -> 3 | CJ5: =OFFSET($N$9, ROW() - ROW($CH$5), COLUMN($DF$5) - COLUMN()) -> 3 | CK5: =OFFSET($N$9, ROW() - ROW($CH$5), COLUMN($DF$5) - COLUMN()) -> 1 | CL5: =OFFSET($N$9, ROW() - ROW($CH$5), COLUMN($DF$5) - COLUMN()) -> 2 | CM5: =OFFSET($N$9, ROW() - ROW($CH$5), COLUMN($DF$5) - COLUMN()) -> 2 | CN5: =OFFSET($N$9, ROW() - ROW($CH$5), COLUMN($DF$5) - COLUMN()) -> 1 | CO5: =OFFSET($N$9, ROW() - ROW($CH$5), COLUMN($DF$5) - COLUMN()) -> 2 | ... DF5: =OFFSET($N$9, ROW() - ROW($CH$5), COLUMN($DF$5) - COLUMN()) -> 3 | DG5: 3 | DH5: 3 | DI5: 3 | DJ5: 3 | DK5: 3 | DL5: 3 | DM5: 3 | DN5: 3 | DO5: 3 | DP5: 3 | DQ5: 3 | DR5: 3 | DS5: 3 | DT5: 3 | DU5: x | DZ5: 63 | EB5: Americas | EC5: 87 | ED5: 8 | EE5: Montezuma | EJ5: 104 | EK5: 26 | EN5: =COUNTIF($EB$2:$EB$19, EO5) -> 4 | EO5: N Europe
A6: 3 | B6: 3 | C6: 0 | D6: 3 | E6: 3 | F6: 3 | G6: 3 | H6: 3 | I6: 3 | J6: 3 | K6: 3 | L6: 3 | M6: 3 | N6: 3 | O6: 3 | P6: 3 | Q6: 3 | R6: 3 | S6: 3 | T6: 3 | U6: 3 | V6: 3 | W6: 3 | X6: 3 | Y6: 3 | Z6: 3 | AA6: 3 | AB6: 3 | AC6: 3 | AD6: 3 | AE6: 3 | AF6: 3 | AG6: 3 | AH6: 3 | AI6: 3 | AJ6: 3 | AK6: 3 | AL6: 3 | AM6: 3 | AN6: 3 | AO6: 3 | AP6: 3 | AQ6: 0 | AR6: 3 | AS6: 3 | AT6: 3 | AU6: 3 | AV6: 3 | AW6: 3 | AX6: 1 | AY6: 2 | AZ6: 1 | BA6: 2 | BB6: 3 | BC6: 3 | BD6: 2 | BE6: 2 | BF6: 2 | BG6: 3 | BH6: 1 | BI6: 2 | BJ6: 1 | BK6: 1 | BL6: 3 | BM6: 3 | BN6: 3 | BO6: 2 | BP6: 2 | BQ6: 1 | BR6: 2 | BS6: 3 | BT6: 3 | BU6: 3 | BV6: 3 | BW6: 3 | BX6: 3 | BY6: 3 | BZ6: 3 | CA6: 3 | CB6: 3 | CC6: 3 | CD6: 3 | CE6: 3 | CF6: 3 | CG6: 3 | CH6: =OFFSET($N$9, ROW() - ROW($CH$5), COLUMN($DF$5) - COLUMN()) -> 3 | CI6: =OFFSET($N$9, ROW() - ROW($CH$5), COLUMN($DF$5) - COLUMN()) -> 3 | CJ6: =OFFSET($N$9, ROW() - ROW($CH$5), COLUMN($DF$5) - COLUMN()) -> 2 | CK6: =OFFSET($N$9, ROW() - ROW($CH$5), COLUMN($DF$5) - COLUMN()) -> 2 | CL6: =OFFSET($N$9, ROW() - ROW($CH$5), COLUMN($DF$5) - COLUMN()) -> 1 | CM6: =OFFSET($N$9, ROW() - ROW($CH$5), COLUMN($DF$5) - COLUMN()) -> 2 | CN6: =OFFSET($N$9, ROW() - ROW($CH$5), COLUMN($DF$5) - COLUMN()) -> 1 | CO6: =OFFSET($N$9, ROW() - ROW($CH$5), COLUMN($DF$5) - COLUMN()) -> 2 | ... DF6: =OFFSET($N$9, ROW() - ROW($CH$5), COLUMN($DF$5) - COLUMN()) -> 3 | DG6: 3 | DH6: 3 | DI6: 3 | DJ6: 3 | DK6: 3 | DL6: 3 | DM6: 3 | DN6: 3 | DO6: 3 | DP6: 3 | DQ6: 3 | DR6: 3 | DS6: 3 | DT6: 3 | DU6: x | DZ6: 62 | EB6: Asia | EC6: 87 | ED6: 61 | EE6: Asoka | EJ6: 90 | EK6: 40 | EN6: =COUNTIF($EB$2:$EB$19, EO6) -> 1 | EO6: NA
A7: 3 | B7: 3 | C7: 0 | D7: 3 | E7: 3 | F7: 3 | G7: 3 | H7: 3 | I7: 3 | J7: 3 | K7: 3 | L7: 3 | M7: 3 | N7: 3 | O7: 3 | P7: 3 | Q7: 3 | R7: 3 | S7: 3 | T7: 3 | U7: 3 | V7: 3 | W7: 3 | X7: 3 | Y7: 3 | Z7: 3 | AA7: 3 | AB7: 3 | AC7: 3 | AD7: 3 | AE7: 3 | AF7: 3 | AG7: 3 | AH7: 3 | AI7: 3 | AJ7: 3 | AK7: 3 | AL7: 3 | AM7: 3 | AN7: 3 | AO7: 3 | AP7: 3 | AQ7: 0 | AR7: 3 | AS7: 3 | AT7: 3 | AU7: 3 | AV7: 3 | AW7: 2 | AX7: 2 | AY7: 2 | AZ7: 2 | BA7: 2 | BB7: 2 | BC7: 1 | BD7: 2 | BE7: 2 | BF7: 2 | BG7: 2 | BH7: 1 | BI7: 2 | BJ7: 2 | BK7: 1 | BL7: 1 | BM7: 1 | BN7: 2 | BO7: 2 | BP7: 1 | BQ7: 2 | BR7: 1 | BS7: 2 | BT7: 3 | BU7: 3 | BV7: 3 | BW7: 3 | BX7: 3 | BY7: 3 | BZ7: 3 | CA7: 3 | CB7: 3 | CC7: 3 | CD7: 3 | CE7: 3 | CF7: 3 | CG7: 3 | CH7: =OFFSET($N$9, ROW() - ROW($CH$5), COLUMN($DF$5) - COLUMN()) -> 3 | CI7: =OFFSET($N$9, ROW() - ROW($CH$5), COLUMN($DF$5) - COLUMN()) -> 2 | CJ7: =OFFSET($N$9, ROW() - ROW($CH$5), COLUMN($DF$5) - COLUMN()) -> 1 | CK7: =OFFSET($N$9, ROW() - ROW($CH$5), COLUMN($DF$5) - COLUMN()) -> 2 | CL7: =OFFSET($N$9, ROW() - ROW($CH$5), COLUMN($DF$5) - COLUMN()) -> 1 | CM7: =OFFSET($N$9, ROW() - ROW($CH$5), COLUMN($DF$5) - COLUMN()) -> 2 | CN7: =OFFSET($N$9, ROW() - ROW($CH$5), COLUMN($DF$5) - COLUMN()) -> 2 | CO7: =OFFSET($N$9, ROW() - ROW($CH$5), COLUMN($DF$5) - COLUMN()) -> 1 | ... DF7: =OFFSET($N$9, ROW() - ROW($CH$5), COLUMN($DF$5) - COLUMN()) -> 3 | DG7: 3 | DH7: 3 | DI7: 3 | DJ7: 3 | DK7: 3 | DL7: 3 | DM7: 3 | DN7: 3 | DO7: 3 | DP7: 3 | DQ7: 3 | DR7: 3 | DS7: 3 | DT7: 3 | DU7: x | DZ7: 61 | EB7: Asia | EC7: 107 | ED7: 61 | EE7: Qin Shi Huang | EJ7: 102 | EK7: 42 | EN7: =COUNTIF($EB$2:$EB$19, EO7) -> 1 | EO7: SA
A8: 3 | B8: 3 | C8: 0 | D8: 3 | E8: 3 | F8: 3 | G8: 3 | H8: 3 | I8: 3 | J8: 3 | K8: 3 | L8: 3 | M8: 3 | N8: 3 | O8: 3 | P8: 3 | Q8: 3 | R8: 3 | S8: 3 | T8: 3 | U8: 3 | V8: 3 | W8: 3 | X8: 3 | Y8: 3 | Z8: 3 | AA8: 3 | AB8: 3 | AC8: 3 | AD8: 3 | AE8: 3 | AF8: 3 | AG8: 3 | AH8: 3 | AI8: 3 | AJ8: 3 | AK8: 3 | AL8: 3 | AM8: 3 | AN8: 3 | AO8: 3 | AP8: 3 | AQ8: 0 | AR8: 3 | AS8: 3 | AT8: 3 | AU8: 3 | AV8: 2 | AW8: 2 | AX8: 2 | AY8: 1 | AZ8: 2 | BA8: 2 | BB8: 2 | BC8: 2 | BD8: 1 | BE8: 1 | BF8: 2 | BG8: 2 | BH8: 1 | BI8: 2 | BJ8: 1 | BK8: 1 | BL8: 2 | BM8: 2 | BN8: 2 | BO8: 2 | BP8: 1 | BQ8: 2 | BR8: 2 | BS8: 2 | BT8: 2 | BU8: 3 | BV8: 3 | BW8: 3 | BX8: 3 | BY8: 3 | BZ8: 3 | CA8: 3 | CB8: 3 | CC8: 3 | CD8: 3 | CE8: 3 | CF8: 3 | CG8: 3 | CH8: =OFFSET($N$9, ROW() - ROW($CH$5), COLUMN($DF$5) - COLUMN()) -> 1 | CI8: =OFFSET($N$9, ROW() - ROW($CH$5), COLUMN($DF$5) - COLUMN()) -> 2 | CJ8: =OFFSET($N$9, ROW() - ROW($CH$5), COLUMN($DF$5) - COLUMN()) -> 2 | CK8: =OFFSET($N$9, ROW() - ROW($CH$5), COLUMN($DF$5) - COLUMN()) -> 2 | CL8: =OFFSET($N$9, ROW() - ROW($CH$5), COLUMN($DF$5) - COLUMN()) -> 1 | CM8: =OFFSET($N$9, ROW() - ROW($CH$5), COLUMN($DF$5) - COLUMN()) -> 2 | CN8: =OFFSET($N$9, ROW() - ROW($CH$5), COLUMN($DF$5) - COLUMN()) -> 2 | CO8: =OFFSET($N$9, ROW() - ROW($CH$5), COLUMN($DF$5) - COLUMN()) -> 2 | ... DF8: =OFFSET($N$9, ROW() - ROW($CH$5), COLUMN($DF$5) - COLUMN()) -> 2 | DG8: 3 | DH8: 3 | DI8: 3 | DJ8: 3 | DK8: 3 | DL8: 3 | DM8: 3 | DN8: 3 | DO8: 3 | DP8: 3 | DQ8: 3 | DR8: 3 | DS8: 3 | DT8: 3 | DU8: x | DZ8: 60 | EB8: Asia | EC8: 107 | ED8: 41 | EE8: Tokugawa | EJ8: 105 | EK8: 60 | EN8: =COUNTIF($EB$2:$EB$19, EO8) -> 4 | EO8: E Mediterranean
A9: 3 | B9: 3 | C9: 0 | D9: 3 | E9: 3 | F9: 3 | G9: 3 | H9: 3 | I9: 3 | J9: 3 | K9: 3 | L9: 3 | M9: 3 | N9: 3 | O9: 3 | P9: 3 | Q9: 2 | R9: 2 | S9: 2 | T9: 3 | U9: 2 | V9: 2 | W9: 2 | X9: 2 | Y9: 3 | Z9: 3 | AA9: 3 | AB9: 2 | AC9: 3 | AD9: 2 | AE9: 2 | AF9: 1 | AG9: 2 | AH9: 2 | AI9: 1 | AJ9: 3 | AK9: 3 | AL9: 3 | AM9: 3 | AN9: 3 | AO9: 3 | AP9: 3 | AQ9: 0 | AR9: 3 | AS9: 3 | AT9: 3 | AU9: 3 | AV9: 2 | AW9: 1 | AX9: 2 | AY9: 1 | AZ9: 2 | BA9: 2 | BB9: 1 | BC9: 2 | BD9: 1 | BE9: 2 | BF9: 2 | BG9: 2 | BH9: 2 | BI9: 2 | BJ9: 2 | BK9: 2 | BL9: 1 | BM9: 2 | BN9: 2 | BO9: 2 | BP9: 2 | BQ9: 2 | BR9: 2 | BS9: 1 | BT9: 2 | BU9: 3 | BV9: 3 | BW9: 3 | BX9: 3 | BY9: 3 | BZ9: 3 | CA9: 3 | CB9: 3 | CC9: 3 | CD9: 3 | CE9: 3 | CF9: 3 | CG9: 3 | CH9: =OFFSET($N$9, ROW() - ROW($CH$5), COLUMN($DF$5) - COLUMN()) -> 2 | CI9: =OFFSET($N$9, ROW() - ROW($CH$5), COLUMN($DF$5) - COLUMN()) -> 2 | CJ9: =OFFSET($N$9, ROW() - ROW($CH$5), COLUMN($DF$5) - COLUMN()) -> 2 | CK9: =OFFSET($N$9, ROW() - ROW($CH$5), COLUMN($DF$5) - COLUMN()) -> 2 | CL9: =OFFSET($N$9, ROW() - ROW($CH$5), COLUMN($DF$5) - COLUMN()) -> 2 | CM9: =OFFSET($N$9, ROW() - ROW($CH$5), COLUMN($DF$5) - COLUMN()) -> 2 | CN9: =OFFSET($N$9, ROW() - ROW($CH$5), COLUMN($DF$5) - COLUMN()) -> 1 | CO9: =OFFSET($N$9, ROW() - ROW($CH$5), COLUMN($DF$5) - COLUMN()) -> 1 | ... DF9: =OFFSET($N$9, ROW() - ROW($CH$5), COLUMN($DF$5) - COLUMN()) -> 2 | DG9: 3 | DH9: 3 | DI9: 3 | DJ9: 3 | DK9: 3 | DL9: 3 | DM9: 3 | DN9: 3 | DO9: 3 | DP9: 3 | DQ9: 3 | DR9: 3 | DS9: 3 | DT9: 3 | DU9: x | DZ9: 59 | EB9: Asia | EC9: 87 | ED9: 41 | EE9: Genghis Khan | EJ9: 92 | EK9: 20 | EN9: =COUNTIF($EB$2:$EB$19, EO9) -> 1 | EO9: W Mediterranean
A10: 3 | B10: 3 | C10: 0 | D10: 3 | E10: 3 | F10: 3 | G10: 3 | H10: 3 | I10: 3 | J10: 3 | K10: 3 | L10: 3 | M10: 3 | N10: 3 | O10: 3 | P10: 2 | Q10: 2 | R10: 1 | S10: 2 | T10: 3 | U10: 2 | V10: 2 | W10: 2 | X10: 2 | Y10: 3 | Z10: 3 | AA10: 3 | AB10: 2 | AC10: 3 | AD10: 3 | AE10: 2 | AF10: 1 | AG10: 2 | AH10: 1 | AI10: 2 | AJ10: 2 | AK10: 3 | AL10: 3 | AM10: 3 | AN10: 3 | AO10: 3 | AP10: 3 | AQ10: 0 | AR10: 3 | AS10: 3 | AT10: 3 | AU10: 3 | AV10: 2 | AW10: 2 | AX10: 2 | AY10: 2 | AZ10: 2 | BA10: 2 | BB10: 2 | BC10: 2 | BD10: 2 | BE10: 2 | BF10: 2 | BG10: 2 | BH10: 2 | BI10: 2 | BJ10: 2 | BK10: 2 | BL10: 2 | BM10: 2 | BN10: 2 | BO10: 2 | BP10: 2 | BQ10: 2 | BR10: 2 | BS10: 2 | BT10: 2 | BU10: 3 | BV10: 3 | BW10: 3 | BX10: 3 | BY10: 3 | BZ10: 3 | CA10: 3 | CB10: 3 | CC10: 3 | CD10: 3 | CE10: 3 | CF10: 3 | CG10: 3 | CH10: =OFFSET($N$9, ROW() - ROW($CH$5), COLUMN($DF$5) - COLUMN()) -> 2 | CI10: =OFFSET($N$9, ROW() - ROW($CH$5), COLUMN($DF$5) - COLUMN()) -> 2 | CJ10: =OFFSET($N$9, ROW() - ROW($CH$5), COLUMN($DF$5) - COLUMN()) -> 2 | CK10: =OFFSET($N$9, ROW() - ROW($CH$5), COLUMN($DF$5) - COLUMN()) -> 2 | CL10: =OFFSET($N$9, ROW() - ROW($CH$5), COLUMN($DF$5) - COLUMN()) -> 2 | CM10: =OFFSET($N$9, ROW() - ROW($CH$5), COLUMN($DF$5) - COLUMN()) -> 2 | CN10: =OFFSET($N$9, ROW() - ROW($CH$5), COLUMN($DF$5) - COLUMN()) -> 1 | CO10: =OFFSET($N$9, ROW() - ROW($CH$5), COLUMN($DF$5) - COLUMN()) -> 2 | ... DF10: =OFFSET($N$9, ROW() - ROW($CH$5), COLUMN($DF$5) - COLUMN()) -> 2 | DG10: 3 | DH10: 3 | DI10: 3 | DJ10: 3 | DK10: 3 | DL10: 3 | DM10: 3 | DN10: 3 | DO10: 3 | DP10: 3 | DQ10: 3 | DR10: 3 | DS10: 3 | DT10: 3 | DU10: x | DZ10: 58 | EB10: N Europe | EC10: 49 | ED10: 61 | EE10: Frederick | EJ10: 66 | EK10: 58
A11: 3 | B11: 3 | C11: 0 | D11: 3 | E11: 3 | F11: 3 | G11: 3 | H11: 3 | I11: 3 | J11: 3 | K11: 3 | L11: 3 | M11: 3 | N11: 3 | O11: 1 | P11: 2 | Q11: 2 | R11: 2 | S11: 2 | T11: 2 | U11: 1 | V11: 2 | W11: 2 | X11: 1 | Y11: 2 | Z11: 1 | AA11: 2 | AB11: 1 | AC11: 1 | AD11: 2 | AE11: 1 | AF11: 2 | AG11: 2 | AH11: 1 | AI11: 2 | AJ11: 1 | AK11: 2 | AL11: 3 | AM11: 3 | AN11: 3 | AO11: 3 | AP11: 3 | AQ11: 0 | AR11: 3 | AS11: 3 | AT11: 3 | AU11: 3 | AV11: 3 | AW11: 3 | AX11: 2 | AY11: 1 | AZ11: 1 | BA11: 2 | BB11: 1 | BC11: 1 | BD11: 2 | BE11: 1 | BF11: 1 | BG11: 1 | BH11: 2 | BI11: 2 | BJ11: 2 | BK11: 2 | BL11: 2 | BM11: 2 | BN11: 2 | BO11: 2 | BP11: 2 | BQ11: 2 | BR11: 2 | BS11: 3 | BT11: 3 | BU11: 3 | BV11: 3 | BW11: 3 | BX11: 3 | BY11: 3 | BZ11: 3 | CA11: 3 | CB11: 3 | CC11: 3 | CD11: 3 | CE11: 3 | CF11: 3 | CG11: 3 | CH11: =OFFSET($N$9, ROW() - ROW($CH$5), COLUMN($DF$5) - COLUMN()) -> 3 | CI11: =OFFSET($N$9, ROW() - ROW($CH$5), COLUMN($DF$5) - COLUMN()) -> 2 | CJ11: =OFFSET($N$9, ROW() - ROW($CH$5), COLUMN($DF$5) - COLUMN()) -> 2 | CK11: =OFFSET($N$9, ROW() - ROW($CH$5), COLUMN($DF$5) - COLUMN()) -> 2 | CL11: =OFFSET($N$9, ROW() - ROW($CH$5), COLUMN($DF$5) - COLUMN()) -> 2 | CM11: =OFFSET($N$9, ROW() - ROW($CH$5), COLUMN($DF$5) - COLUMN()) -> 2 | CN11: =OFFSET($N$9, ROW() - ROW($CH$5), COLUMN($DF$5) - COLUMN()) -> 2 | CO11: =OFFSET($N$9, ROW() - ROW($CH$5), COLUMN($DF$5) - COLUMN()) -> 2 | ... DF11: =OFFSET($N$9, ROW() - ROW($CH$5), COLUMN($DF$5) - COLUMN()) -> 3 | DG11: 3 | DH11: 3 | DI11: 3 | DJ11: 3 | DK11: 3 | DL11: 3 | DM11: 3 | DN11: 3 | DO11: 3 | DP11: 3 | DQ11: 3 | DR11: 3 | DS11: 3 | DT11: 3 | DU11: x | DZ11: 57 | EB11: N Europe | EC11: 69 | ED11: 61 | EE11: Louis XIV | EJ11: 58 | EK11: 51
A12: 3 | B12: 3 | C12: 0 | D12: 3 | E12: 3 | F12: 3 | G12: 3 | H12: 3 | I12: 3 | J12: 3 | K12: 3 | L12: 3 | M12: 3 | N12: 2 | O12: 2 | P12: 2 | Q12: 1 | R12: 1 | S12: 2 | T12: 1 | U12: 2 | V12: 2 | W12: 2 | X12: 2 | Y12: 2 | Z12: 2 | AA12: 2 | AB12: 1 | AC12: 2 | AD12: 2 | AE12: 2 | AF12: 2 | AG12: 2 | AH12: 1 | AI12: 2 | AJ12: 2 | AK12: 2 | AL12: 1 | AM12: 3 | AN12: 3 | AO12: 3 | AP12: 3 | AQ12: 0 | AR12: 3 | AS12: 3 | AT12: 3 | AU12: 3 | AV12: 2 | AW12: 2 | AX12: 1 | AY12: 2 | AZ12: 1 | BA12: 2 | BB12: 1 | BC12: 1 | BD12: 2 | BE12: 1 | BF12: 1 | BG12: 2 | BH12: 1 | BI12: 2 | BJ12: 2 | BK12: 1 | BL12: 1 | BM12: 2 | BN12: 2 | BO12: 2 | BP12: 2 | BQ12: 2 | BR12: 2 | BS12: 2 | BT12: 2 | BU12: 3 | BV12: 3 | BW12: 3 | BX12: 3 | BY12: 3 | BZ12: 3 | CA12: 3 | CB12: 3 | CC12: 3 | CD12: 3 | CE12: 3 | CF12: 3 | CG12: 3 | CH12: =OFFSET($N$9, ROW() - ROW($CH$5), COLUMN($DF$5) - COLUMN()) -> 3 | CI12: =OFFSET($N$9, ROW() - ROW($CH$5), COLUMN($DF$5) - COLUMN()) -> 3 | CJ12: =OFFSET($N$9, ROW() - ROW($CH$5), COLUMN($DF$5) - COLUMN()) -> 1 | CK12: =OFFSET($N$9, ROW() - ROW($CH$5), COLUMN($DF$5) - COLUMN()) -> 1 | CL12: =OFFSET($N$9, ROW() - ROW($CH$5), COLUMN($DF$5) - COLUMN()) -> 2 | CM12: =OFFSET($N$9, ROW() - ROW($CH$5), COLUMN($DF$5) - COLUMN()) -> 2 | CN12: =OFFSET($N$9, ROW() - ROW($CH$5), COLUMN($DF$5) - COLUMN()) -> 2 | CO12: =OFFSET($N$9, ROW() - ROW($CH$5), COLUMN($DF$5) - COLUMN()) -> 1 | ... DF12: =OFFSET($N$9, ROW() - ROW($CH$5), COLUMN($DF$5) - COLUMN()) -> 2 | DG12: 3 | DH12: 3 | DI12: 3 | DJ12: 3 | DK12: 3 | DL12: 3 | DM12: 3 | DN12: 3 | DO12: 3 | DP12: 3 | DQ12: 3 | DR12: 3 | DS12: 3 | DT12: 3 | DU12: x | DZ12: 56 | EB12: N Europe | EC12: 69 | ED12: 41 | EE12: Elizabeth | EJ12: 50 | EK12: 61
A13: 3 | B13: 3 | C13: 0 | D13: 3 | E13: 3 | F13: 3 | G13: 3 | H13: 3 | I13: 3 | J13: 3 | K13: 3 | L13: 3 | M13: 3 | N13: 2 | O13: 1 | P13: 2 | Q13: 2 | R13: 2 | S13: 2 | T13: 1 | U13: 1 | V13: 1 | W13: 2 | X13: 2 | Y13: 1 | Z13: 2 | AA13: 1 | AB13: 2 | AC13: 2 | AD13: 2 | AE13: 1 | AF13: 1 | AG13: 2 | AH13: 2 | AI13: 2 | AJ13: 2 | AK13: 2 | AL13: 2 | AM13: 3 | AN13: 3 | AO13: 3 | AP13: 3 | AQ13: 0 | AR13: 3 | AS13: 3 | AT13: 3 | AU13: 3 | AV13: 2 | AW13: 2 | AX13: 2 | AY13: 2 | AZ13: 1 | BA13: 2 | BB13: 2 | BC13: 2 | BD13: 2 | BE13: 1 | BF13: 1 | BG13: 1 | BH13: 2 | BI13: 2 | BJ13: 2 | BK13: 2 | BL13: 2 | BM13: 2 | BN13: 2 | BO13: 2 | BP13: 2 | BQ13: 2 | BR13: 1 | BS13: 1 | BT13: 1 | BU13: 3 | BV13: 3 | BW13: 3 | BX13: 3 | BY13: 3 | BZ13: 3 | CA13: 3 | CB13: 3 | CC13: 3 | CD13: 3 | CE13: 3 | CF13: 3 | CG13: 3 | CH13: =OFFSET($N$9, ROW() - ROW($CH$5), COLUMN($DF$5) - COLUMN()) -> 2 | CI13: =OFFSET($N$9, ROW() - ROW($CH$5), COLUMN($DF$5) - COLUMN()) -> 2 | CJ13: =OFFSET($N$9, ROW() - ROW($CH$5), COLUMN($DF$5) - COLUMN()) -> 2 | CK13: =OFFSET($N$9, ROW() - ROW($CH$5), COLUMN($DF$5) - COLUMN()) -> 2 | CL13: =OFFSET($N$9, ROW() - ROW($CH$5), COLUMN($DF$5) - COLUMN()) -> 1 | CM13: =OFFSET($N$9, ROW() - ROW($CH$5), COLUMN($DF$5) - COLUMN()) -> 2 | CN13: =OFFSET($N$9, ROW() - ROW($CH$5), COLUMN($DF$5) - COLUMN()) -> 2 | CO13: =OFFSET($N$9, ROW() - ROW($CH$5), COLUMN($DF$5) - COLUMN()) -> 2 | ... DF13: =OFFSET($N$9, ROW() - ROW($CH$5), COLUMN($DF$5) - COLUMN()) -> 2 | DG13: 3 | DH13: 3 | DI13: 3 | DJ13: 3 | DK13: 3 | DL13: 3 | DM13: 3 | DN13: 3 | DO13: 3 | DP13: 3 | DQ13: 3 | DR13: 3 | DS13: 3 | DT13: 3 | DU13: x | DZ13: 55 | EB13: N Europe | EC13: 49 | ED13: 41 | EE13: Catherine | EJ13: 87 | EK13: 54
A14: 3 | B14: 3 | C14: 0 | D14: 3 | E14: 3 | F14: 3 | G14: 3 | H14: 3 | I14: 3 | J14: 3 | K14: 3 | L14: 3 | M14: 3 | N14: 2 | O14: 2 | P14: 2 | Q14: 2 | R14: 2 | S14: 2 | T14: 2 | U14: 2 | V14: 2 | W14: 2 | X14: 2 | Y14: 1 | Z14: 2 | AA14: 2 | AB14: 2 | AC14: 2 | AD14: 1 | AE14: 2 | AF14: 1 | AG14: 2 | AH14: 2 | AI14: 2 | AJ14: 2 | AK14: 2 | AL14: 2 | AM14: 3 | AN14: 3 | AO14: 3 | AP14: 3 | AQ14: 0 | AR14: 3 | AS14: 3 | AT14: 3 | AU14: 3 | AV14: 2 | AW14: 2 | AX14: 2 | AY14: 2 | AZ14: 2 | BA14: 2 | BB14: 2 | BC14: 2 | BD14: 2 | BE14: 2 | BF14: 2 | BG14: 2 | BH14: 2 | BI14: 2 | BJ14: 2 | BK14: 2 | BL14: 2 | BM14: 2 | BN14: 2 | BO14: 2 | BP14: 2 | BQ14: 1 | BR14: 1 | BS14: 1 | BT14: 2 | BU14: 3 | BV14: 3 | BW14: 3 | BX14: 3 | BY14: 3 | BZ14: 3 | CA14: 3 | CB14: 3 | CC14: 3 | CD14: 3 | CE14: 3 | CF14: 3 | CG14: 3 | CH14: =OFFSET($N$9, ROW() - ROW($CH$5), COLUMN($DF$5) - COLUMN()) -> 2 | CI14: =OFFSET($N$9, ROW() - ROW($CH$5), COLUMN($DF$5) - COLUMN()) -> 2 | CJ14: =OFFSET($N$9, ROW() - ROW($CH$5), COLUMN($DF$5) - COLUMN()) -> 1 | CK14: =OFFSET($N$9, ROW() - ROW($CH$5), COLUMN($DF$5) - COLUMN()) -> 1 | CL14: =OFFSET($N$9, ROW() - ROW($CH$5), COLUMN($DF$5) - COLUMN()) -> 2 | CM14: =OFFSET($N$9, ROW() - ROW($CH$5), COLUMN($DF$5) - COLUMN()) -> 2 | CN14: =OFFSET($N$9, ROW() - ROW($CH$5), COLUMN($DF$5) - COLUMN()) -> 1 | CO14: =OFFSET($N$9, ROW() - ROW($CH$5), COLUMN($DF$5) - COLUMN()) -> 2 | ... DF14: =OFFSET($N$9, ROW() - ROW($CH$5), COLUMN($DF$5) - COLUMN()) -> 2 | DG14: 3 | DH14: 3 | DI14: 3 | DJ14: 3 | DK14: 3 | DL14: 3 | DM14: 3 | DN14: 3 | DO14: 3 | DP14: 3 | DQ14: 3 | DR14: 3 | DS14: 3 | DT14: 3 | DU14: x | DZ14: 54 | EB14: E Mediterranean | EC14: 50 | ED14: 27 | EE14: Alexander | EJ14: 67 | EK14: 6
A15: 3 | B15: 3 | C15: 0 | D15: 3 | E15: 3 | F15: 3 | G15: 3 | H15: 3 | I15: 3 | J15: 3 | K15: 3 | L15: 3 | M15: 3 | N15: 3 | O15: 3 | P15: 2 | Q15: 2 | R15: 1 | S15: 2 | T15: 1 | U15: 1 | V15: 2 | W15: 2 | X15: 2 | Y15: 2 | Z15: 2 | AA15: 2 | AB15: 2 | AC15: 2 | AD15: 1 | AE15: 2 | AF15: 2 | AG15: 2 | AH15: 2 | AI15: 2 | AJ15: 2 | AK15: 2 | AL15: 3 | AM15: 3 | AN15: 3 | AO15: 3 | AP15: 3 | AQ15: 0 | AR15: 3 | AS15: 3 | AT15: 3 | AU15: 3 | AV15: 2 | AW15: 2 | AX15: 1 | AY15: 2 | AZ15: 2 | BA15: 2 | BB15: 2 | BC15: 2 | BD15: 2 | BE15: 2 | BF15: 2 | BG15: 2 | BH15: 2 | BI15: 2 | BJ15: 2 | BK15: 2 | BL15: 2 | BM15: 1 | BN15: 1 | BO15: 2 | BP15: 2 | BQ15: 1 | BR15: 1 | BS15: 1 | BT15: 2 | BU15: 3 | BV15: 3 | BW15: 3 | BX15: 3 | BY15: 3 | BZ15: 3 | CA15: 3 | CB15: 3 | CC15: 3 | CD15: 3 | CE15: 3 | CF15: 3 | CG15: 3 | CH15: =OFFSET($N$9, ROW() - ROW($CH$5), COLUMN($DF$5) - COLUMN()) -> 3 | CI15: =OFFSET($N$9, ROW() - ROW($CH$5), COLUMN($DF$5) - COLUMN()) -> 1 | CJ15: =OFFSET($N$9, ROW() - ROW($CH$5), COLUMN($DF$5) - COLUMN()) -> 1 | CK15: =OFFSET($N$9, ROW() - ROW($CH$5), COLUMN($DF$5) - COLUMN()) -> 1 | CL15: =OFFSET($N$9, ROW() - ROW($CH$5), COLUMN($DF$5) - COLUMN()) -> 2 | CM15: =OFFSET($N$9, ROW() - ROW($CH$5), COLUMN($DF$5) - COLUMN()) -> 2 | CN15: =OFFSET($N$9, ROW() - ROW($CH$5), COLUMN($DF$5) - COLUMN()) -> 2 | CO15: =OFFSET($N$9, ROW() - ROW($CH$5), COLUMN($DF$5) - COLUMN()) -> 1 | ... DF15: =OFFSET($N$9, ROW() - ROW($CH$5), COLUMN($DF$5) - COLUMN()) -> 2 | DG15: 3 | DH15: 3 | DI15: 3 | DJ15: 3 | DK15: 3 | DL15: 3 | DM15: 3 | DN15: 3 | DO15: 3 | DP15: 3 | DQ15: 3 | DR15: 3 | DS15: 3 | DT15: 3 | DU15: x | DZ15: 53 | EB15: E Mediterranean | EC15: 70 | ED15: 27 | EE15: Cyrus | EJ15: 105 | EK15: 12
A16: 3 | B16: 3 | C16: 0 | D16: 3 | E16: 3 | F16: 3 | G16: 3 | H16: 3 | I16: 3 | J16: 3 | K16: 3 | L16: 3 | M16: 3 | N16: 2 | O16: 3 | P16: 1 | Q16: 2 | R16: 2 | S16: 2 | T16: 1 | U16: 1 | V16: 2 | W16: 2 | X16: 2 | Y16: 2 | Z16: 1 | AA16: 2 | AB16: 2 | AC16: 1 | AD16: 2 | AE16: 1 | AF16: 2 | AG16: 2 | AH16: 2 | AI16: 1 | AJ16: 1 | AK16: 3 | AL16: 3 | AM16: 3 | AN16: 3 | AO16: 3 | AP16: 3 | AQ16: 0 | AR16: 3 | AS16: 3 | AT16: 3 | AU16: 3 | AV16: 3 | AW16: 3 | AX16: 2 | AY16: 2 | AZ16: 1 | BA16: 1 | BB16: 2 | BC16: 2 | BD16: 2 | BE16: 1 | BF16: 1 | BG16: 2 | BH16: 2 | BI16: 2 | BJ16: 2 | BK16: 1 | BL16: 2 | BM16: 1 | BN16: 1 | BO16: 1 | BP16: 2 | BQ16: 2 | BR16: 1 | BS16: 1 | BT16: 2 | BU16: 3 | BV16: 3 | BW16: 3 | BX16: 3 | BY16: 3 | BZ16: 3 | CA16: 3 | CB16: 3 | CC16: 3 | CD16: 3 | CE16: 3 | CF16: 3 | CG16: 3 | CH16: =OFFSET($N$9, ROW() - ROW($CH$5), COLUMN($DF$5) - COLUMN()) -> 3 | CI16: =OFFSET($N$9, ROW() - ROW($CH$5), COLUMN($DF$5) - COLUMN()) -> 3 | CJ16: =OFFSET($N$9, ROW() - ROW($CH$5), COLUMN($DF$5) - COLUMN()) -> 3 | CK16: =OFFSET($N$9, ROW() - ROW($CH$5), COLUMN($DF$5) - COLUMN()) -> 1 | CL16: =OFFSET($N$9, ROW() - ROW($CH$5), COLUMN($DF$5) - COLUMN()) -> 2 | CM16: =OFFSET($N$9, ROW() - ROW($CH$5), COLUMN($DF$5) - COLUMN()) -> 2 | CN16: =OFFSET($N$9, ROW() - ROW($CH$5), COLUMN($DF$5) - COLUMN()) -> 2 | CO16: =OFFSET($N$9, ROW() - ROW($CH$5), COLUMN($DF$5) - COLUMN()) -> 1 | ... DF16: =OFFSET($N$9, ROW() - ROW($CH$5), COLUMN($DF$5) - COLUMN()) -> 3 | DG16: 3 | DH16: 3 | DI16: 3 | DJ16: 3 | DK16: 3 | DL16: 3 | DM16: 3 | DN16: 3 | DO16: 3 | DP16: 3 | DQ16: 3 | DR16: 3 | DS16: 3 | DT16: 3 | DU16: x | DZ16: 52 | EB16: E Mediterranean | EC16: 70 | ED16: 7 | EE16: Saladin | EJ16: 50 | EK16: 13
A17: 3 | B17: 3 | C17: 0 | D17: 3 | E17: 3 | F17: 3 | G17: 3 | H17: 3 | I17: 3 | J17: 3 | K17: 3 | L17: 3 | M17: 3 | N17: 2 | O17: 2 | P17: 2 | Q17: 1 | R17: 1 | S17: 2 | T17: 2 | U17: 2 | V17: 2 | W17: 2 | X17: 2 | Y17: 2 | Z17: 2 | AA17: 2 | AB17: 2 | AC17: 2 | AD17: 2 | AE17: 2 | AF17: 2 | AG17: 2 | AH17: 1 | AI17: 2 | AJ17: 2 | AK17: 2 | AL17: 2 | AM17: 3 | AN17: 3 | AO17: 3 | AP17: 3 | AQ17: 0 | AR17: 3 | AS17: 3 | AT17: 3 | AU17: 3 | AV17: 3 | AW17: 3 | AX17: 1 | AY17: 2 | AZ17: 2 | BA17: 2 | BB17: 2 | BC17: 1 | BD17: 2 | BE17: 1 | BF17: 1 | BG17: 2 | BH17: 2 | BI17: 2 | BJ17: 2 | BK17: 1 | BL17: 2 | BM17: 2 | BN17: 2 | BO17: 2 | BP17: 2 | BQ17: 2 | BR17: 2 | BS17: 3 | BT17: 3 | BU17: 3 | BV17: 3 | BW17: 3 | BX17: 3 | BY17: 3 | BZ17: 3 | CA17: 3 | CB17: 3 | CC17: 3 | CD17: 3 | CE17: 3 | CF17: 3 | CG17: 3 | CH17: =OFFSET($N$9, ROW() - ROW($CH$5), COLUMN($DF$5) - COLUMN()) -> 2 | CI17: =OFFSET($N$9, ROW() - ROW($CH$5), COLUMN($DF$5) - COLUMN()) -> 2 | CJ17: =OFFSET($N$9, ROW() - ROW($CH$5), COLUMN($DF$5) - COLUMN()) -> 1 | CK17: =OFFSET($N$9, ROW() - ROW($CH$5), COLUMN($DF$5) - COLUMN()) -> 2 | CL17: =OFFSET($N$9, ROW() - ROW($CH$5), COLUMN($DF$5) - COLUMN()) -> 2 | CM17: =OFFSET($N$9, ROW() - ROW($CH$5), COLUMN($DF$5) - COLUMN()) -> 2 | CN17: =OFFSET($N$9, ROW() - ROW($CH$5), COLUMN($DF$5) - COLUMN()) -> 2 | CO17: =OFFSET($N$9, ROW() - ROW($CH$5), COLUMN($DF$5) - COLUMN()) -> 2 | ... DF17: =OFFSET($N$9, ROW() - ROW($CH$5), COLUMN($DF$5) - COLUMN()) -> 1 | DG17: 3 | DH17: 3 | DI17: 3 | DJ17: 3 | DK17: 3 | DL17: 3 | DM17: 3 | DN17: 3 | DO17: 3 | DP17: 3 | DQ17: 3 | DR17: 3 | DS17: 3 | DT17: 3 | DU17: x | DZ17: 51 | EB17: E Mediterranean | EC17: 50 | ED17: 7 | EE17: Hatshepsut | EJ17: 67 | EK17: 23
A18: 3 | B18: 3 | C18: 0 | D18: 3 | E18: 3 | F18: 3 | G18: 3 | H18: 3 | I18: 3 | J18: 3 | K18: 3 | L18: 3 | M18: 3 | N18: 2 | O18: 2 | P18: 2 | Q18: 1 | R18: 2 | S18: 2 | T18: 1 | U18: 1 | V18: 1 | W18: 2 | X18: 2 | Y18: 1 | Z18: 1 | AA18: 1 | AB18: 2 | AC18: 2 | AD18: 2 | AE18: 2 | AF18: 1 | AG18: 2 | AH18: 2 | AI18: 1 | AJ18: 1 | AK18: 2 | AL18: 2 | AM18: 3 | AN18: 3 | AO18: 3 | AP18: 3 | AQ18: 0 | AR18: 3 | AS18: 3 | AT18: 3 | AU18: 3 | AV18: 3 | AW18: 3 | AX18: 2 | AY18: 2 | AZ18: 1 | BA18: 2 | BB18: 2 | BC18: 2 | BD18: 2 | BE18: 1 | BF18: 2 | BG18: 2 | BH18: 2 | BI18: 2 | BJ18: 2 | BK18: 2 | BL18: 2 | BM18: 2 | BN18: 2 | BO18: 2 | BP18: 2 | BQ18: 2 | BR18: 2 | BS18: 2 | BT18: 2 | BU18: 3 | BV18: 3 | BW18: 3 | BX18: 3 | BY18: 3 | BZ18: 3 | CA18: 3 | CB18: 3 | CC18: 3 | CD18: 3 | CE18: 3 | CF18: 3 | CG18: 3 | CH18: =OFFSET($N$9, ROW() - ROW($CH$5), COLUMN($DF$5) - COLUMN()) -> 2 | CI18: =OFFSET($N$9, ROW() - ROW($CH$5), COLUMN($DF$5) - COLUMN()) -> 2 | CJ18: =OFFSET($N$9, ROW() - ROW($CH$5), COLUMN($DF$5) - COLUMN()) -> 2 | CK18: =OFFSET($N$9, ROW() - ROW($CH$5), COLUMN($DF$5) - COLUMN()) -> 2 | CL18: =OFFSET($N$9, ROW() - ROW($CH$5), COLUMN($DF$5) - COLUMN()) -> 2 | CM18: =OFFSET($N$9, ROW() - ROW($CH$5), COLUMN($DF$5) - COLUMN()) -> 2 | CN18: =OFFSET($N$9, ROW() - ROW($CH$5), COLUMN($DF$5) - COLUMN()) -> 2 | CO18: =OFFSET($N$9, ROW() - ROW($CH$5), COLUMN($DF$5) - COLUMN()) -> 2 | ... DF18: =OFFSET($N$9, ROW() - ROW($CH$5), COLUMN($DF$5) - COLUMN()) -> 2 | DG18: 3 | DH18: 3 | DI18: 3 | DJ18: 3 | DK18: 3 | DL18: 3 | DM18: 3 | DN18: 3 | DO18: 3 | DP18: 3 | DQ18: 3 | DR18: 3 | DS18: 3 | DT18: 3 | DU18: x | DZ18: 50 | EB18: NA | EC18: 25 | ED18: 37 | EE18: Franklin Roosevelt | EJ18: 25 | EK18: 37
A19: 3 | B19: 3 | C19: 0 | D19: 3 | E19: 3 | F19: 3 | G19: 3 | H19: 3 | I19: 3 | J19: 3 | K19: 3 | L19: 3 | M19: 3 | N19: 2 | O19: 2 | P19: 2 | Q19: 2 | R19: 2 | S19: 2 | T19: 1 | U19: 1 | V19: 1 | W19: 2 | X19: 2 | Y19: 1 | Z19: 1 | AA19: 2 | AB19: 2 | AC19: 2 | AD19: 2 | AE19: 1 | AF19: 2 | AG19: 2 | AH19: 2 | AI19: 1 | AJ19: 1 | AK19: 1 | AL19: 3 | AM19: 3 | AN19: 3 | AO19: 3 | AP19: 3 | AQ19: 0 | AR19: 3 | AS19: 3 | AT19: 3 | AU19: 3 | AV19: 2 | AW19: 2 | AX19: 1 | AY19: 1 | AZ19: 2 | BA19: 2 | BB19: 2 | BC19: 2 | BD19: 2 | BE19: 2 | BF19: 2 | BG19: 2 | BH19: 2 | BI19: 2 | BJ19: 2 | BK19: 2 | BL19: 2 | BM19: 2 | BN19: 2 | BO19: 2 | BP19: 2 | BQ19: 2 | BR19: 2 | BS19: 2 | BT19: 2 | BU19: 3 | BV19: 3 | BW19: 3 | BX19: 3 | BY19: 3 | BZ19: 3 | CA19: 3 | CB19: 3 | CC19: 3 | CD19: 3 | CE19: 3 | CF19: 3 | CG19: 3 | CH19: =OFFSET($N$9, ROW() - ROW($CH$5), COLUMN($DF$5) - COLUMN()) -> 2 | CI19: =OFFSET($N$9, ROW() - ROW($CH$5), COLUMN($DF$5) - COLUMN()) -> 2 | CJ19: =OFFSET($N$9, ROW() - ROW($CH$5), COLUMN($DF$5) - COLUMN()) -> 2 | CK19: =OFFSET($N$9, ROW() - ROW($CH$5), COLUMN($DF$5) - COLUMN()) -> 2 | CL19: =OFFSET($N$9, ROW() - ROW($CH$5), COLUMN($DF$5) - COLUMN()) -> 2 | CM19: =OFFSET($N$9, ROW() - ROW($CH$5), COLUMN($DF$5) - COLUMN()) -> 2 | CN19: =OFFSET($N$9, ROW() - ROW($CH$5), COLUMN($DF$5) - COLUMN()) -> 2 | CO19: =OFFSET($N$9, ROW() - ROW($CH$5), COLUMN($DF$5) - COLUMN()) -> 2 | ... DF19: =OFFSET($N$9, ROW() - ROW($CH$5), COLUMN($DF$5) - COLUMN()) -> 2 | DG19: 3 | DH19: 3 | DI19: 3 | DJ19: 3 | DK19: 3 | DL19: 3 | DM19: 3 | DN19: 3 | DO19: 3 | DP19: 3 | DQ19: 3 | DR19: 3 | DS19: 3 | DT19: 3 | DU19: x | DZ19: 49 | EB19: SA | EC19: 22 | ED19: 17 | EE19: Julius Caesar | EJ19: 22 | EK19: 17
A20: 3 | B20: 3 | C20: 0 | D20: 3 | E20: 3 | F20: 3 | G20: 3 | H20: 3 | I20: 3 | J20: 3 | K20: 3 | L20: 3 | M20: 3 | N20: 3 | O20: 3 | P20: 2 | Q20: 2 | R20: 2 | S20: 2 | T20: 1 | U20: 2 | V20: 1 | W20: 2 | X20: 2 | Y20: 2 | Z20: 2 | AA20: 2 | AB20: 2 | AC20: 2 | AD20: 2 | AE20: 1 | AF20: 2 | AG20: 2 | AH20: 2 | AI20: 1 | AJ20: 3 | AK20: 3 | AL20: 3 | AM20: 3 | AN20: 3 | AO20: 3 | AP20: 3 | AQ20: 0 | AR20: 3 | AS20: 3 | AT20: 3 | AU20: 3 | AV20: 3 | AW20: 3 | AX20: 1 | AY20: 2 | AZ20: 2 | BA20: 2 | BB20: 2 | BC20: 1 | BD20: 2 | BE20: 2 | BF20: 2 | BG20: 2 | BH20: 2 | BI20: 2 | BJ20: 2 | BK20: 2 | BL20: 2 | BM20: 2 | BN20: 2 | BO20: 2 | BP20: 2 | BQ20: 2 | BR20: 2 | BS20: 2 | BT20: 2 | BU20: 3 | BV20: 3 | BW20: 3 | BX20: 3 | BY20: 3 | BZ20: 3 | CA20: 3 | CB20: 3 | CC20: 3 | CD20: 3 | CE20: 3 | CF20: 3 | CG20: 3 | CH20: =OFFSET($N$9, ROW() - ROW($CH$5), COLUMN($DF$5) - COLUMN()) -> 2 | CI20: =OFFSET($N$9, ROW() - ROW($CH$5), COLUMN($DF$5) - COLUMN()) -> 1 | CJ20: =OFFSET($N$9, ROW() - ROW($CH$5), COLUMN($DF$5) - COLUMN()) -> 2 | CK20: =OFFSET($N$9, ROW() - ROW($CH$5), COLUMN($DF$5) - COLUMN()) -> 1 | CL20: =OFFSET($N$9, ROW() - ROW($CH$5), COLUMN($DF$5) - COLUMN()) -> 2 | CM20: =OFFSET($N$9, ROW() - ROW($CH$5), COLUMN($DF$5) - COLUMN()) -> 2 | CN20: =OFFSET($N$9, ROW() - ROW($CH$5), COLUMN($DF$5) - COLUMN()) -> 2 | CO20: =OFFSET($N$9, ROW() - ROW($CH$5), COLUMN($DF$5) - COLUMN()) -> 2 | ... DF20: =OFFSET($N$9, ROW() - ROW($CH$5), COLUMN($DF$5) - COLUMN()) -> 3 | DG20: 3 | DH20: 3 | DI20: 3 | DJ20: 3 | DK20: 3 | DL20: 3 | DM20: 3 | DN20: 3 | DO20: 3 | DP20: 3 | DQ20: 3 | DR20: 3 | DS20: 3 | DT20: 3 | DU20: x | DZ20: 48
A21: 3 | B21: 3 | C21: 0 | D21: 3 | E21: 3 | F21: 3 | G21: 3 | H21: 3 | I21: 3 | J21: 3 | K21: 3 | L21: 3 | M21: 3 | N21: 1 | O21: 1 | P21: 1 | Q21: 1 | R21: 2 | S21: 2 | T21: 2 | U21: 1 | V21: 2 | W21: 2 | X21: 2 | Y21: 2 | Z21: 2 | AA21: 2 | AB21: 2 | AC21: 2 | AD21: 2 | AE21: 2 | AF21: 2 | AG21: 2 | AH21: 2 | AI21: 2 | AJ21: 1 | AK21: 2 | AL21: 2 | AM21: 3 | AN21: 3 | AO21: 3 | AP21: 3 | AQ21: 0 | AR21: 3 | AS21: 3 | AT21: 3 | AU21: 3 | AV21: 2 | AW21: 3 | AX21: 2 | AY21: 2 | AZ21: 2 | BA21: 1 | BB21: 1 | BC21: 2 | BD21: 2 | BE21: 2 | BF21: 2 | BG21: 2 | BH21: 2 | BI21: 2 | BJ21: 2 | BK21: 2 | BL21: 2 | BM21: 2 | BN21: 1 | BO21: 1 | BP21: 1 | BQ21: 1 | BR21: 2 | BS21: 2 | BT21: 2 | BU21: 3 | BV21: 3 | BW21: 3 | BX21: 3 | BY21: 3 | BZ21: 3 | CA21: 3 | CB21: 3 | CC21: 3 | CD21: 3 | CE21: 3 | CF21: 3 | CG21: 3 | CH21: =OFFSET($N$9, ROW() - ROW($CH$5), COLUMN($DF$5) - COLUMN()) -> 2 | CI21: =OFFSET($N$9, ROW() - ROW($CH$5), COLUMN($DF$5) - COLUMN()) -> 2 | CJ21: =OFFSET($N$9, ROW() - ROW($CH$5), COLUMN($DF$5) - COLUMN()) -> 2 | CK21: =OFFSET($N$9, ROW() - ROW($CH$5), COLUMN($DF$5) - COLUMN()) -> 2 | CL21: =OFFSET($N$9, ROW() - ROW($CH$5), COLUMN($DF$5) - COLUMN()) -> 2 | CM21: =OFFSET($N$9, ROW() - ROW($CH$5), COLUMN($DF$5) - COLUMN()) -> 2 | CN21: =OFFSET($N$9, ROW() - ROW($CH$5), COLUMN($DF$5) - COLUMN()) -> 2 | CO21: =OFFSET($N$9, ROW() - ROW($CH$5), COLUMN($DF$5) - COLUMN()) -> 2 | ... DF21: =OFFSET($N$9, ROW() - ROW($CH$5), COLUMN($DF$5) - COLUMN()) -> 3 | DG21: 3 | DH21: 3 | DI21: 3 | DJ21: 3 | DK21: 3 | DL21: 3 | DM21: 3 | DN21: 3 | DO21: 3 | DP21: 3 | DQ21: 3 | DR21: 3 | DS21: 3 | DT21: 3 | DU21: x | DZ21: 47
A22: 3 | B22: 3 | C22: 0 | D22: 3 | E22: 3 | F22: 3 | G22: 3 | H22: 3 | I22: 3 | J22: 3 | K22: 3 | L22: 3 | M22: 3 | N22: 2 | O22: 2 | P22: 2 | Q22: 2 | R22: 2 | S22: 2 | T22: 2 | U22: 2 | V22: 2 | W22: 2 | X22: 2 | Y22: 2 | Z22: 2 | AA22: 2 | AB22: 2 | AC22: 2 | AD22: 2 | AE22: 2 | AF22: 2 | AG22: 2 | AH22: 2 | AI22: 2 | AJ22: 2 | AK22: 2 | AL22: 2 | AM22: 3 | AN22: 3 | AO22: 3 | AP22: 3 | AQ22: 0 | AR22: 3 | AS22: 3 | AT22: 3 | AU22: 3 | AV22: 2 | AW22: 2 | AX22: 1 | AY22: 2 | AZ22: 1 | BA22: 2 | BB22: 2 | BC22: 1 | BD22: 2 | BE22: 2 | BF22: 1 | BG22: 1 | BH22: 2 | BI22: 2 | BJ22: 2 | BK22: 2 | BL22: 2 | BM22: 2 | BN22: 1 | BO22: 1 | BP22: 1 | BQ22: 2 | BR22: 2 | BS22: 2 | BT22: 2 | BU22: 3 | BV22: 3 | BW22: 3 | BX22: 3 | BY22: 3 | BZ22: 3 | CA22: 3 | CB22: 3 | CC22: 3 | CD22: 3 | CE22: 3 | CF22: 3 | CG22: 3 | CH22: =OFFSET($N$9, ROW() - ROW($CH$5), COLUMN($DF$5) - COLUMN()) -> 2 | CI22: =OFFSET($N$9, ROW() - ROW($CH$5), COLUMN($DF$5) - COLUMN()) -> 1 | CJ22: =OFFSET($N$9, ROW() - ROW($CH$5), COLUMN($DF$5) - COLUMN()) -> 1 | CK22: =OFFSET($N$9, ROW() - ROW($CH$5), COLUMN($DF$5) - COLUMN()) -> 2 | CL22: =OFFSET($N$9, ROW() - ROW($CH$5), COLUMN($DF$5) - COLUMN()) -> 2 | CM22: =OFFSET($N$9, ROW() - ROW($CH$5), COLUMN($DF$5) - COLUMN()) -> 2 | CN22: =OFFSET($N$9, ROW() - ROW($CH$5), COLUMN($DF$5) - COLUMN()) -> 2 | CO22: =OFFSET($N$9, ROW() - ROW($CH$5), COLUMN($DF$5) - COLUMN()) -> 2 | ... DF22: =OFFSET($N$9, ROW() - ROW($CH$5), COLUMN($DF$5) - COLUMN()) -> 3 | DG22: 3 | DH22: 3 | DI22: 3 | DJ22: 3 | DK22: 3 | DL22: 3 | DM22: 3 | DN22: 3 | DO22: 3 | DP22: 3 | DQ22: 3 | DR22: 3 | DS22: 3 | DT22: 3 | DU22: x | DZ22: 46
A23: 3 | B23: 3 | C23: 0 | D23: 3 | E23: 3 | F23: 3 | G23: 3 | H23: 3 | I23: 3 | J23: 3 | K23: 3 | L23: 3 | M23: 3 | N23: 2 | O23: 1 | P23: 2 | Q23: 1 | R23: 2 | S23: 2 | T23: 2 | U23: 2 | V23: 2 | W23: 2 | X23: 2 | Y23: 2 | Z23: 2 | AA23: 2 | AB23: 2 | AC23: 2 | AD23: 2 | AE23: 2 | AF23: 2 | AG23: 2 | AH23: 2 | AI23: 2 | AJ23: 2 | AK23: 2 | AL23: 2 | AM23: 3 | AN23: 3 | AO23: 3 | AP23: 3 | AQ23: 0 | AR23: 3 | AS23: 3 | AT23: 3 | AU23: 3 | AV23: 1 | AW23: 1 | AX23: 2 | AY23: 2 | AZ23: 1 | BA23: 1 | BB23: 2 | BC23: 2 | BD23: 2 | BE23: 1 | BF23: 2 | BG23: 2 | BH23: 2 | BI23: 2 | BJ23: 2 | BK23: 2 | BL23: 2 | BM23: 2 | BN23: 1 | BO23: 2 | BP23: 1 | BQ23: 1 | BR23: 2 | BS23: 2 | BT23: 2 | BU23: 3 | BV23: 3 | BW23: 3 | BX23: 3 | BY23: 3 | BZ23: 3 | CA23: 3 | CB23: 3 | CC23: 3 | CD23: 3 | CE23: 3 | CF23: 3 | CG23: 3 | CH23: =OFFSET($N$9, ROW() - ROW($CH$5), COLUMN($DF$5) - COLUMN()) -> 3 | CI23: =OFFSET($N$9, ROW() - ROW($CH$5), COLUMN($DF$5) - COLUMN()) -> 3 | CJ23: =OFFSET($N$9, ROW() - ROW($CH$5), COLUMN($DF$5) - COLUMN()) -> 1 | CK23: =OFFSET($N$9, ROW() - ROW($CH$5), COLUMN($DF$5) - COLUMN()) -> 2 | CL23: =OFFSET($N$9, ROW() - ROW($CH$5), COLUMN($DF$5) - COLUMN()) -> 2 | CM23: =OFFSET($N$9, ROW() - ROW($CH$5), COLUMN($DF$5) - COLUMN()) -> 2 | CN23: =OFFSET($N$9, ROW() - ROW($CH$5), COLUMN($DF$5) - COLUMN()) -> 1 | CO23: =OFFSET($N$9, ROW() - ROW($CH$5), COLUMN($DF$5) - COLUMN()) -> 1 | ... DF23: =OFFSET($N$9, ROW() - ROW($CH$5), COLUMN($DF$5) - COLUMN()) -> 3 | DG23: 3 | DH23: 3 | DI23: 3 | DJ23: 3 | DK23: 3 | DL23: 3 | DM23: 3 | DN23: 3 | DO23: 3 | DP23: 3 | DQ23: 3 | DR23: 3 | DS23: 3 | DT23: 3 | DU23: x | DZ23: 45
A24: 3 | B24: 3 | C24: 0 | D24: 3 | E24: 3 | F24: 3 | G24: 3 | H24: 3 | I24: 3 | J24: 3 | K24: 3 | L24: 3 | M24: 3 | N24: 3 | O24: 1 | P24: 1 | Q24: 1 | R24: 2 | S24: 2 | T24: 2 | U24: 1 | V24: 2 | W24: 2 | X24: 2 | Y24: 1 | Z24: 1 | AA24: 2 | AB24: 2 | AC24: 2 | AD24: 2 | AE24: 2 | AF24: 2 | AG24: 2 | AH24: 2 | AI24: 1 | AJ24: 2 | AK24: 1 | AL24: 2 | AM24: 3 | AN24: 3 | AO24: 3 | AP24: 3 | AQ24: 0 | AR24: 3 | AS24: 3 | AT24: 3 | AU24: 3 | AV24: 2 | AW24: 2 | AX24: 2 | AY24: 2 | AZ24: 2 | BA24: 2 | BB24: 2 | BC24: 2 | BD24: 2 | BE24: 2 | BF24: 2 | BG24: 2 | BH24: 2 | BI24: 2 | BJ24: 2 | BK24: 2 | BL24: 2 | BM24: 2 | BN24: 2 | BO24: 2 | BP24: 2 | BQ24: 2 | BR24: 2 | BS24: 2 | BT24: 2 | BU24: 3 | BV24: 3 | BW24: 3 | BX24: 3 | BY24: 3 | BZ24: 3 | CA24: 3 | CB24: 3 | CC24: 3 | CD24: 3 | CE24: 3 | CF24: 3 | CG24: 3 | CH24: =OFFSET($N$9, ROW() - ROW($CH$5), COLUMN($DF$5) - COLUMN()) -> 2 | CI24: =OFFSET($N$9, ROW() - ROW($CH$5), COLUMN($DF$5) - COLUMN()) -> 2 | CJ24: =OFFSET($N$9, ROW() - ROW($CH$5), COLUMN($DF$5) - COLUMN()) -> 2 | CK24: =OFFSET($N$9, ROW() - ROW($CH$5), COLUMN($DF$5) - COLUMN()) -> 2 | CL24: =OFFSET($N$9, ROW() - ROW($CH$5), COLUMN($DF$5) - COLUMN()) -> 2 | CM24: =OFFSET($N$9, ROW() - ROW($CH$5), COLUMN($DF$5) - COLUMN()) -> 2 | CN24: =OFFSET($N$9, ROW() - ROW($CH$5), COLUMN($DF$5) - COLUMN()) -> 2 | CO24: =OFFSET($N$9, ROW() - ROW($CH$5), COLUMN($DF$5) - COLUMN()) -> 1 | ... DF24: =OFFSET($N$9, ROW() - ROW($CH$5), COLUMN($DF$5) - COLUMN()) -> 3 | DG24: 3 | DH24: 3 | DI24: 3 | DJ24: 3 | DK24: 3 | DL24: 3 | DM24: 3 | DN24: 3 | DO24: 3 | DP24: 3 | DQ24: 3 | DR24: 3 | DS24: 3 | DT24: 3 | DU24: x | DZ24: 44 | ED24: $BS$28
A25: 3 | B25: 3 | C25: 0 | D25: 3 | E25: 3 | F25: 3 | G25: 3 | H25: 3 | I25: 3 | J25: 3 | K25: 3 | L25: 3 | M25: 3 | N25: 3 | O25: 3 | P25: 1 | Q25: 2 | R25: 1 | S25: 2 | T25: 2 | U25: 1 | V25: 2 | W25: 2 | X25: 2 | Y25: 2 | Z25: 2 | AA25: 2 | AB25: 2 | AC25: 2 | AD25: 2 | AE25: 2 | AF25: 2 | AG25: 2 | AH25: 2 | AI25: 2 | AJ25: 2 | AK25: 2 | AL25: 2 | AM25: 3 | AN25: 3 | AO25: 3 | AP25: 3 | AQ25: 0 | AR25: 3 | AS25: 3 | AT25: 3 | AU25: 3 | AV25: 2 | AW25: 1 | AX25: 1 | AY25: 1 | AZ25: 2 | BA25: 2 | BB25: 2 | BC25: 2 | BD25: 1 | BE25: 2 | BF25: 2 | BG25: 2 | BH25: 2 | BI25: 2 | BJ25: 2 | BK25: 2 | BL25: 2 | BM25: 2 | BN25: 2 | BO25: 2 | BP25: 2 | BQ25: 2 | BR25: 2 | BS25: 2 | BT25: 2 | BU25: 3 | BV25: 3 | BW25: 3 | BX25: 3 | BY25: 3 | BZ25: 3 | CA25: 3 | CB25: 3 | CC25: 3 | CD25: 3 | CE25: 3 | CF25: 3 | CG25: 3 | CH25: =OFFSET($N$9, ROW() - ROW($CH$5), COLUMN($DF$5) - COLUMN()) -> 2 | CI25: =OFFSET($N$9, ROW() - ROW($CH$5), COLUMN($DF$5) - COLUMN()) -> 1 | CJ25: =OFFSET($N$9, ROW() - ROW($CH$5), COLUMN($DF$5) - COLUMN()) -> 1 | CK25: =OFFSET($N$9, ROW() - ROW($CH$5), COLUMN($DF$5) - COLUMN()) -> 1 | CL25: =OFFSET($N$9, ROW() - ROW($CH$5), COLUMN($DF$5) - COLUMN()) -> 2 | CM25: =OFFSET($N$9, ROW() - ROW($CH$5), COLUMN($DF$5) - COLUMN()) -> 2 | CN25: =OFFSET($N$9, ROW() - ROW($CH$5), COLUMN($DF$5) - COLUMN()) -> 1 | CO25: =OFFSET($N$9, ROW() - ROW($CH$5), COLUMN($DF$5) - COLUMN()) -> 1 | ... DF25: =OFFSET($N$9, ROW() - ROW($CH$5), COLUMN($DF$5) - COLUMN()) -> 2 | DG25: 3 | DH25: 3 | DI25: 3 | DJ25: 3 | DK25: 3 | DL25: 3 | DM25: 3 | DN25: 3 | DO25: 3 | DP25: 3 | DQ25: 3 | DR25: 3 | DS25: 3 | DT25: 3 | DU25: x | DZ25: 43 | ED25: $BS$29
A26: 3 | B26: 3 | C26: 0 | D26: 3 | E26: 3 | F26: 3 | G26: 3 | H26: 3 | I26: 3 | J26: 3 | K26: 3 | L26: 3 | M26: 3 | N26: 3 | O26: 3 | P26: 1 | Q26: 2 | R26: 2 | S26: 2 | T26: 2 | U26: 2 | V26: 2 | W26: 2 | X26: 1 | Y26: 1 | Z26: 2 | AA26: 2 | AB26: 2 | AC26: 2 | AD26: 2 | AE26: 2 | AF26: 2 | AG26: 2 | AH26: 2 | AI26: 2 | AJ26: 1 | AK26: 1 | AL26: 2 | AM26: 3 | AN26: 3 | AO26: 3 | AP26: 3 | AQ26: 0 | AR26: 3 | AS26: 3 | AT26: 3 | AU26: 3 | AV26: 1 | AW26: 2 | AX26: 2 | AY26: 2 | AZ26: 2 | BA26: 2 | BB26: 2 | BC26: 1 | BD26: 2 | BE26: 1 | BF26: 1 | BG26: 1 | BH26: 2 | BI26: 2 | BJ26: 2 | BK26: 1 | BL26: 2 | BM26: 2 | BN26: 2 | BO26: 2 | BP26: 1 | BQ26: 1 | BR26: 2 | BS26: 2 | BT26: 2 | BU26: 3 | BV26: 3 | BW26: 3 | BX26: 3 | BY26: 3 | BZ26: 3 | CA26: 3 | CB26: 3 | CC26: 3 | CD26: 3 | CE26: 3 | CF26: 1 | CG26: 1 | CH26: =OFFSET($N$9, ROW() - ROW($CH$5), COLUMN($DF$5) - COLUMN()) -> 1 | CI26: =OFFSET($N$9, ROW() - ROW($CH$5), COLUMN($DF$5) - COLUMN()) -> 1 | CJ26: =OFFSET($N$9, ROW() - ROW($CH$5), COLUMN($DF$5) - COLUMN()) -> 2 | CK26: =OFFSET($N$9, ROW() - ROW($CH$5), COLUMN($DF$5) - COLUMN()) -> 1 | CL26: =OFFSET($N$9, ROW() - ROW($CH$5), COLUMN($DF$5) - COLUMN()) -> 2 | CM26: =OFFSET($N$9, ROW() - ROW($CH$5), COLUMN($DF$5) - COLUMN()) -> 2 | CN26: =OFFSET($N$9, ROW() - ROW($CH$5), COLUMN($DF$5) - COLUMN()) -> 1 | CO26: =OFFSET($N$9, ROW() - ROW($CH$5), COLUMN($DF$5) - COLUMN()) -> 2 | ... DF26: =OFFSET($N$9, ROW() - ROW($CH$5), COLUMN($DF$5) - COLUMN()) -> 1 | DG26: 3 | DH26: 3 | DI26: 3 | DJ26: 3 | DK26: 3 | DL26: 3 | DM26: 3 | DN26: 3 | DO26: 3 | DP26: 3 | DQ26: 3 | DR26: 3 | DS26: 3 | DT26: 3 | DU26: x | DZ26: 42 | ED26: $BT$29 | EI26: {=INDEX($A$71:$DT$71, COLUMN(AX7)) & ", " & INDEX($DZ$1:$DZ$68, ROW(AX7))} -> 49, 61 | EJ26: {=_xlfn.TEXTSPLIT(EI26, ", ")} -> 49 | EK26: 61 | EN26: {=INDEX($A$71:$DT$71, COLUMN(CJ7)) & ", " & INDEX($DZ$1:$DZ$68, ROW(CJ7))} -> 87, 61 | EO26: {=_xlfn.TEXTSPLIT(EN26, ", ")} -> 87 | EP26: 61
A27: 3 | B27: 3 | C27: 0 | D27: 3 | E27: 3 | F27: 3 | G27: 3 | H27: 3 | I27: 3 | J27: 3 | K27: 3 | L27: 3 | M27: 3 | N27: 3 | O27: 3 | P27: 2 | Q27: 2 | R27: 2 | S27: 2 | T27: 2 | U27: 2 | V27: 2 | W27: 2 | X27: 1 | Y27: 1 | Z27: 2 | AA27: 2 | AB27: 2 | AC27: 2 | AD27: 1 | AE27: 1 | AF27: 1 | AG27: 2 | AH27: 2 | AI27: 2 | AJ27: 1 | AK27: 3 | AL27: 3 | AM27: 3 | AN27: 3 | AO27: 3 | AP27: 3 | AQ27: 0 | AR27: 3 | AS27: 3 | AT27: 3 | AU27: 3 | AV27: 3 | AW27: 2 | AX27: 1 | AY27: 2 | AZ27: 2 | BA27: 2 | BB27: 2 | BC27: 1 | BD27: 2 | BE27: 1 | BF27: 1 | BG27: 3 | BH27: 1 | BI27: 2 | BJ27: 2 | BK27: 2 | BL27: 2 | BM27: 1 | BN27: 1 | BO27: 2 | BP27: 1 | BQ27: 2 | BR27: 2 | BS27: 2 | BT27: 3 | BU27: 3 | BV27: 3 | BW27: 3 | BX27: 3 | BY27: 3 | BZ27: 3 | CA27: 3 | CB27: 3 | CC27: 3 | CD27: 1 | CE27: 1 | CF27: 1 | CG27: 3 | CH27: =OFFSET($N$9, ROW() - ROW($CH$5), COLUMN($DF$5) - COLUMN()) -> 3 | CI27: =OFFSET($N$9, ROW() - ROW($CH$5), COLUMN($DF$5) - COLUMN()) -> 2 | CJ27: =OFFSET($N$9, ROW() - ROW($CH$5), COLUMN($DF$5) - COLUMN()) -> 2 | CK27: =OFFSET($N$9, ROW() - ROW($CH$5), COLUMN($DF$5) - COLUMN()) -> 2 | CL27: =OFFSET($N$9, ROW() - ROW($CH$5), COLUMN($DF$5) - COLUMN()) -> 2 | CM27: =OFFSET($N$9, ROW() - ROW($CH$5), COLUMN($DF$5) - COLUMN()) -> 2 | CN27: =OFFSET($N$9, ROW() - ROW($CH$5), COLUMN($DF$5) - COLUMN()) -> 2 | CO27: =OFFSET($N$9, ROW() - ROW($CH$5), COLUMN($DF$5) - COLUMN()) -> 2 | ... DF27: =OFFSET($N$9, ROW() - ROW($CH$5), COLUMN($DF$5) - COLUMN()) -> 3 | DG27: 3 | DH27: 3 | DI27: 3 | DJ27: 3 | DK27: 3 | DL27: 3 | DM27: 3 | DN27: 3 | DO27: 3 | DP27: 3 | DQ27: 3 | DR27: 3 | DS27: 3 | DT27: 3 | DU27: x | DZ27: 41 | ED27: $BT$30 | EI27: {=INDEX($A$71:$DT$71, COLUMN(BR7)) & ", " & INDEX($DZ$1:$DZ$68, ROW(BR7))} -> 69, 61 | EJ27: {=_xlfn.TEXTSPLIT(EI27, ", ")} -> 69 | EK27: 61 | EN27: {=INDEX($A$71:$DT$71, COLUMN(DD7)) & ", " & INDEX($DZ$1:$DZ$68, ROW(DD7))} -> 107, 61 | EO27: {=_xlfn.TEXTSPLIT(EN27, ", ")} -> 107 | EP27: 61
A28: 3 | B28: 3 | C28: 0 | D28: 3 | E28: 2 | F28: 2 | G28: 3 | H28: 3 | I28: 3 | J28: 3 | K28: 3 | L28: 3 | M28: 3 | N28: 3 | O28: 2 | P28: 2 | Q28: 2 | R28: 2 | S28: 2 | T28: 2 | U28: 2 | V28: 2 | W28: 2 | X28: 2 | Y28: 1 | Z28: 2 | AA28: 2 | AB28: 2 | AC28: 2 | AD28: 1 | AE28: 1 | AF28: 2 | AG28: 2 | AH28: 2 | AI28: 2 | AJ28: 2 | AK28: 2 | AL28: 2 | AM28: 3 | AN28: 3 | AO28: 3 | AP28: 3 | AQ28: 0 | AR28: 3 | AS28: 3 | AT28: 3 | AU28: 3 | AV28: 3 | AW28: 3 | AX28: 2 | AY28: 2 | AZ28: 2 | BA28: 2 | BB28: 2 | BC28: 3 | BD28: 2 | BE28: 2 | BF28: 1 | BG28: 3 | BH28: 2 | BI28: 2 | BJ28: 2 | BK28: 1 | BL28: 2 | BM28: 1 | BN28: 3 | BO28: 2 | BP28: 1 | BQ28: 1 | BR28: 2 | BS28: 3 | BT28: 3 | BU28: 3 | BV28: 3 | BW28: 3 | BX28: 3 | BY28: 3 | BZ28: 3 | CA28: 3 | CB28: 1 | CC28: 1 | CD28: 1 | CE28: 3 | CF28: 3 | CG28: 3 | CH28: =OFFSET($N$9, ROW() - ROW($CH$5), COLUMN($DF$5) - COLUMN()) -> 3 | CI28: =OFFSET($N$9, ROW() - ROW($CH$5), COLUMN($DF$5) - COLUMN()) -> 3 | CJ28: =OFFSET($N$9, ROW() - ROW($CH$5), COLUMN($DF$5) - COLUMN()) -> 2 | CK28: =OFFSET($N$9, ROW() - ROW($CH$5), COLUMN($DF$5) - COLUMN()) -> 2 | CL28: =OFFSET($N$9, ROW() - ROW($CH$5), COLUMN($DF$5) - COLUMN()) -> 2 | CM28: =OFFSET($N$9, ROW() - ROW($CH$5), COLUMN($DF$5) - COLUMN()) -> 2 | CN28: =OFFSET($N$9, ROW() - ROW($CH$5), COLUMN($DF$5) - COLUMN()) -> 2 | CO28: =OFFSET($N$9, ROW() - ROW($CH$5), COLUMN($DF$5) - COLUMN()) -> 2 | ... DF28: =OFFSET($N$9, ROW() - ROW($CH$5), COLUMN($DF$5) - COLUMN()) -> 3 | DG28: 3 | DH28: 3 | DI28: 3 | DJ28: 3 | DK28: 3 | DL28: 3 | DM28: 3 | DN28: 3 | DO28: 3 | DP28: 3 | DQ28: 3 | DR28: 3 | DS28: 3 | DT28: 3 | DU28: x | DZ28: 40 | ED28: $BT$38 | EI28: {=INDEX($A$71:$DT$71, COLUMN(BR27)) & ", " & INDEX($DZ$1:$DZ$68, ROW(BR27))} -> 69, 41 | EJ28: {=_xlfn.TEXTSPLIT(EI28, ", ")} -> 69 | EK28: 41 | EN28: {=INDEX($A$71:$DT$71, COLUMN(DD27)) & ", " & INDEX($DZ$1:$DZ$68, ROW(DD27))} -> 107, 41 | EO28: {=_xlfn.TEXTSPLIT(EN28, ", ")} -> 107 | EP28: 41
A29: 3 | B29: 3 | C29: 0 | D29: 3 | E29: 2 | F29: 2 | G29: 1 | H29: 3 | I29: 3 | J29: 3 | K29: 3 | L29: 3 | M29: 3 | N29: 2 | O29: 2 | P29: 1 | Q29: 1 | R29: 2 | S29: 2 | T29: 2 | U29: 2 | V29: 2 | W29: 2 | X29: 2 | Y29: 2 | Z29: 2 | AA29: 2 | AB29: 2 | AC29: 2 | AD29: 1 | AE29: 1 | AF29: 1 | AG29: 2 | AH29: 2 | AI29: 1 | AJ29: 1 | AK29: 1 | AL29: 2 | AM29: 3 | AN29: 3 | AO29: 3 | AP29: 3 | AQ29: 0 | AR29: 3 | AS29: 3 | AT29: 3 | AU29: 3 | AV29: 3 | AW29: 3 | AX29: 3 | AY29: 1 | AZ29: 2 | BA29: 2 | BB29: 3 | BC29: 3 | BD29: 2 | BE29: 2 | BF29: 3 | BG29: 3 | BH29: 2 | BI29: 2 | BJ29: 2 | BK29: 2 | BL29: 2 | BM29: 2 | BN29: 3 | BO29: 2 | BP29: 2 | BQ29: 1 | BR29: 1 | BS29: 1 | BT29: 1 | BU29: 3 | BV29: 3 | BW29: 3 | BX29: 3 | BY29: 3 | BZ29: 1 | CA29: 1 | CB29: 1 | CC29: 3 | CD29: 3 | CE29: 3 | CF29: 3 | CG29: 3 | CH29: =OFFSET($N$9, ROW() - ROW($CH$5), COLUMN($DF$5) - COLUMN()) -> 3 | CI29: =OFFSET($N$9, ROW() - ROW($CH$5), COLUMN($DF$5) - COLUMN()) -> 3 | CJ29: =OFFSET($N$9, ROW() - ROW($CH$5), COLUMN($DF$5) - COLUMN()) -> 3 | CK29: =OFFSET($N$9, ROW() - ROW($CH$5), COLUMN($DF$5) - COLUMN()) -> 2 | CL29: =OFFSET($N$9, ROW() - ROW($CH$5), COLUMN($DF$5) - COLUMN()) -> 2 | CM29: =OFFSET($N$9, ROW() - ROW($CH$5), COLUMN($DF$5) - COLUMN()) -> 2 | CN29: =OFFSET($N$9, ROW() - ROW($CH$5), COLUMN($DF$5) - COLUMN()) -> 2 | CO29: =OFFSET($N$9, ROW() - ROW($CH$5), COLUMN($DF$5) - COLUMN()) -> 2 | ... DF29: =OFFSET($N$9, ROW() - ROW($CH$5), COLUMN($DF$5) - COLUMN()) -> 3 | DG29: 3 | DH29: 3 | DI29: 3 | DJ29: 3 | DK29: 3 | DL29: 3 | DM29: 3 | DN29: 3 | DO29: 3 | DP29: 3 | DQ29: 3 | DR29: 3 | DS29: 3 | DT29: 3 | DU29: x | DZ29: 39 | ED29: $BT$39 | EI29: {=INDEX($A$71:$DT$71, COLUMN(AX27)) & ", " & INDEX($DZ$1:$DZ$68, ROW(AX27))} -> 49, 41 | EJ29: {=_xlfn.TEXTSPLIT(EI29, ", ")} -> 49 | EK29: 41 | EN29: {=INDEX($A$71:$DT$71, COLUMN(CJ27)) & ", " & INDEX($DZ$1:$DZ$68, ROW(CJ27))} -> 87, 41 | EO29: {=_xlfn.TEXTSPLIT(EN29, ", ")} -> 87 | EP29: 41
A30: 3 | B30: 3 | C30: 2 | D30: 3 | E30: 1 | F30: 2 | G30: 2 | H30: 1 | I30: 3 | J30: 3 | K30: 3 | L30: 3 | M30: 3 | N30: 1 | O30: 1 | P30: 2 | Q30: 2 | R30: 2 | S30: 2 | T30: 2 | U30: 2 | V30: 2 | W30: 1 | X30: 1 | Y30: 2 | Z30: 2 | AA30: 2 | AB30: 2 | AC30: 2 | AD30: 1 | AE30: 2 | AF30: 1 | AG30: 2 | AH30: 2 | AI30: 1 | AJ30: 2 | AK30: 1 | AL30: 1 | AM30: 3 | AN30: 3 | AO30: 3 | AP30: 3 | AQ30: 0 | AR30: 3 | AS30: 3 | AT30: 3 | AU30: 3 | AV30: 3 | AW30: 3 | AX30: 3 | AY30: 3 | AZ30: 3 | BA30: 3 | BB30: 3 | BC30: 3 | BD30: 3 | BE30: 3 | BF30: 3 | BG30: 3 | BH30: 3 | BI30: 3 | BJ30: 3 | BK30: 3 | BL30: 3 | BM30: 3 | BN30: 3 | BO30: 3 | BP30: 3 | BQ30: 3 | BR30: 3 | BS30: 3 | BT30: 1 | BU30: 1 | BV30: 3 | BW30: 3 | BX30: 1 | BY30: 1 | BZ30: 1 | CA30: 3 | CB30: 3 | CC30: 3 | CD30: 3 | CE30: 3 | CF30: 3 | CG30: 3 | CH30: 3 | CI30: 3 | CJ30: 3 | CK30: 3 | CL30: 3 | CM30: 3 | CN30: 3 | CO30: 3 | CP30: 3 | CQ30: 3 | CR30: 3 | CS30: 3 | CT30: 3 | CU30: 3 | CV30: 3 | CW30: 3 | CX30: 3 | CY30: 3 | CZ30: 3 | DA30: 3 | DB30: 3 | DC30: 3 | DD30: 3 | DE30: 3 | DF30: 3 | DG30: 3 | DH30: 3 | DI30: 3 | DJ30: 3 | DK30: 3 | DL30: 3 | DM30: 3 | DN30: 3 | DO30: 3 | DP30: 3 | DQ30: 3 | DR30: 3 | DS30: 3 | DT30: 3 | DU30: x | DZ30: 38 | ED30: $BT$40
A31: 3 | B31: 3 | C31: 0 | D31: 3 | E31: 2 | F31: 1 | G31: 2 | H31: 3 | I31: 3 | J31: 3 | K31: 3 | L31: 3 | M31: 3 | N31: 3 | O31: 2 | P31: 1 | Q31: 2 | R31: 2 | S31: 2 | T31: 2 | U31: 2 | V31: 1 | W31: 1 | X31: 1 | Y31: 1 | Z31: 2 | AA31: 2 | AB31: 2 | AC31: 2 | AD31: 2 | AE31: 2 | AF31: 2 | AG31: 2 | AH31: 2 | AI31: 2 | AJ31: 2 | AK31: 2 | AL31: 3 | AM31: 3 | AN31: 3 | AO31: 3 | AP31: 3 | AQ31: 0 | AR31: 3 | AS31: 3 | AT31: 3 | AU31: 3 | AV31: 3 | AW31: 3 | AX31: 3 | AY31: 3 | AZ31: 3 | BA31: 3 | BB31: 3 | BC31: 3 | BD31: 3 | BE31: 3 | BF31: 3 | BG31: 3 | BH31: 3 | BI31: 3 | BJ31: 3 | BK31: 3 | BL31: 3 | BM31: 3 | BN31: 3 | BO31: 3 | BP31: 3 | BQ31: 3 | BR31: 3 | BS31: 3 | BT31: 3 | BU31: 1 | BV31: 1 | BW31: 3 | BX31: 1 | BY31: 3 | BZ31: 3 | CA31: 3 | CB31: 3 | CC31: 3 | CD31: 3 | CE31: 3 | CF31: 3 | CG31: 3 | CH31: 3 | CI31: 3 | CJ31: 3 | CK31: 3 | CL31: 3 | CM31: 3 | CN31: 3 | CO31: 3 | CP31: 3 | CQ31: 3 | CR31: 3 | CS31: 3 | CT31: 3 | CU31: 3 | CV31: 3 | CW31: 3 | CX31: 3 | CY31: 3 | CZ31: 3 | DA31: 3 | DB31: 3 | DC31: 3 | DD31: 3 | DE31: 3 | DF31: 3 | DG31: 3 | DH31: 3 | DI31: 3 | DJ31: 3 | DK31: 3 | DL31: 3 | DM31: 3 | DN31: 3 | DO31: 3 | DP31: 3 | DQ31: 3 | DR31: 3 | DS31: 3 | DT31: 3 | DU31: x | DZ31: 37 | ED31: $BU$30 | EI31: {=INDEX($A$71:$DT$71, COLUMN(AY41)) & ", " & INDEX($DZ$1:$DZ$68, ROW(AY41))} -> 50, 27 | EJ31: {=_xlfn.TEXTSPLIT(EI31, ", ")} -> 50 | EK31: 27 | EN31: {=INDEX($A$71:$DT$71, COLUMN(CJ40)) & ", " & INDEX($DZ$1:$DZ$68, ROW(CJ40))} -> 87, 28 | EO31: {=_xlfn.TEXTSPLIT(EN31, ", ")} -> 87 | EP31: 28
A32: 3 | B32: 3 | C32: 0 | D32: 3 | E32: 2 | F32: 1 | G32: 3 | H32: 3 | I32: 3 | J32: 3 | K32: 3 | L32: 3 | M32: 3 | N32: 3 | O32: 3 | P32: 2 | Q32: 2 | R32: 1 | S32: 2 | T32: 3 | U32: 2 | V32: 1 | W32: 1 | X32: 1 | Y32: 1 | Z32: 3 | AA32: 2 | AB32: 2 | AC32: 2 | AD32: 2 | AE32: 2 | AF32: 2 | AG32: 2 | AH32: 2 | AI32: 2 | AJ32: 2 | AK32: 3 | AL32: 3 | AM32: 3 | AN32: 3 | AO32: 3 | AP32: 3 | AQ32: 0 | AR32: 3 | AS32: 3 | AT32: 3 | AU32: 3 | AV32: 3 | AW32: 3 | AX32: 3 | AY32: 3 | AZ32: 3 | BA32: 3 | BB32: 3 | BC32: 3 | BD32: 3 | BE32: 3 | BF32: 3 | BG32: 3 | BH32: 3 | BI32: 3 | BJ32: 3 | BK32: 3 | BL32: 3 | BM32: 3 | BN32: 3 | BO32: 3 | BP32: 3 | BQ32: 3 | BR32: 3 | BS32: 3 | BT32: 3 | BU32: 3 | BV32: 1 | BW32: 1 | BX32: 1 | BY32: 3 | BZ32: 3 | CA32: 3 | CB32: 3 | CC32: 3 | CD32: 3 | CE32: 3 | CF32: 3 | CG32: 3 | CH32: 3 | CI32: 3 | CJ32: 3 | CK32: 3 | CL32: 3 | CM32: 3 | CN32: 3 | CO32: 3 | CP32: 3 | CQ32: 3 | CR32: 3 | CS32: 3 | CT32: 3 | CU32: 3 | CV32: 3 | CW32: 3 | CX32: 3 | CY32: 3 | CZ32: 3 | DA32: 3 | DB32: 3 | DC32: 3 | DD32: 3 | DE32: 3 | DF32: 3 | DG32: 3 | DH32: 3 | DI32: 3 | DJ32: 3 | DK32: 3 | DL32: 3 | DM32: 3 | DN32: 3 | DO32: 3 | DP32: 3 | DQ32: 3 | DR32: 3 | DS32: 3 | DT32: 3 | DU32: x | DZ32: 36 | ED32: $BU$31 | EI32: {=INDEX($A$71:$DT$71, COLUMN(BS41)) & ", " & INDEX($DZ$1:$DZ$68, ROW(BS41))} -> 70, 27 | EJ32: {=_xlfn.TEXTSPLIT(EI32, ", ")} -> 70 | EK32: 27 | EN32: {=INDEX($A$71:$DT$71, COLUMN(DD40)) & ", " & INDEX($DZ$1:$DZ$68, ROW(DD40))} -> 107, 28 | EO32: {=_xlfn.TEXTSPLIT(EN32, ", ")} -> 107 | EP32: 28
A33: 3 | B33: 3 | C33: 0 | D33: 3 | E33: 3 | F33: 3 | G33: 3 | H33: 3 | I33: 3 | J33: 3 | K33: 3 | L33: 3 | M33: 3 | N33: 3 | O33: 3 | P33: 3 | Q33: 2 | R33: 2 | S33: 2 | T33: 3 | U33: 2 | V33: 1 | W33: 2 | X33: 2 | Y33: 2 | Z33: 3 | AA33: 2 | AB33: 2 | AC33: 2 | AD33: 2 | AE33: 2 | AF33: 2 | AG33: 2 | AH33: 2 | AI33: 2 | AJ33: 3 | AK33: 3 | AL33: 3 | AM33: 3 | AN33: 3 | AO33: 3 | AP33: 3 | AQ33: 0 | AR33: 3 | AS33: 3 | AT33: 3 | AU33: 3 | AV33: 3 | AW33: 3 | AX33: 3 | AY33: 3 | AZ33: 3 | BA33: 3 | BB33: 3 | BC33: 3 | BD33: 3 | BE33: 3 | BF33: 3 | BG33: 3 | BH33: 3 | BI33: 3 | BJ33: 3 | BK33: 3 | BL33: 3 | BM33: 3 | BN33: 3 | BO33: 3 | BP33: 3 | BQ33: 3 | BR33: 3 | BS33: 3 | BT33: 3 | BU33: 3 | BV33: 3 | BW33: 1 | BX33: 1 | BY33: 3 | BZ33: 3 | CA33: 3 | CB33: 3 | CC33: 3 | CD33: 3 | CE33: 3 | CF33: 3 | CG33: 3 | CH33: 3 | CI33: 3 | CJ33: 3 | CK33: 3 | CL33: 3 | CM33: 3 | CN33: 3 | CO33: 3 | CP33: 3 | CQ33: 3 | CR33: 3 | CS33: 3 | CT33: 3 | CU33: 3 | CV33: 3 | CW33: 3 | CX33: 3 | CY33: 3 | CZ33: 3 | DA33: 3 | DB33: 3 | DC33: 3 | DD33: 3 | DE33: 3 | DF33: 3 | DG33: 3 | DH33: 3 | DI33: 3 | DJ33: 3 | DK33: 3 | DL33: 3 | DM33: 3 | DN33: 3 | DO33: 3 | DP33: 3 | DQ33: 3 | DR33: 3 | DS33: 3 | DT33: 3 | DU33: x | DZ33: 35 | ED33: $BU$36 | EI33: {=INDEX($A$71:$DT$71, COLUMN(BS61)) & ", " & INDEX($DZ$1:$DZ$68, ROW(BS61))} -> 70, 7 | EJ33: {=_xlfn.TEXTSPLIT(EI33, ", ")} -> 70 | EK33: 7 | EN33: {=INDEX($A$71:$DT$71, COLUMN(DD60)) & ", " & INDEX($DZ$1:$DZ$68, ROW(DD60))} -> 107, 8 | EO33: {=_xlfn.TEXTSPLIT(EN33, ", ")} -> 107 | EP33: 8
A34: 3 | B34: 3 | C34: 0 | D34: 3 | E34: 3 | F34: 3 | G34: 3 | H34: 3 | I34: 3 | J34: 3 | K34: 3 | L34: 3 | M34: 3 | N34: 3 | O34: 3 | P34: 3 | Q34: 2 | R34: 3 | S34: 3 | T34: 3 | U34: 3 | V34: 3 | W34: 3 | X34: 3 | Y34: 3 | Z34: 3 | AA34: 2 | AB34: 3 | AC34: 3 | AD34: 3 | AE34: 3 | AF34: 3 | AG34: 3 | AH34: 3 | AI34: 3 | AJ34: 3 | AK34: 3 | AL34: 3 | AM34: 3 | AN34: 3 | AO34: 3 | AP34: 3 | AQ34: 0 | AR34: 3 | AS34: 3 | AT34: 3 | AU34: 3 | AV34: 3 | AW34: 3 | AX34: 3 | AY34: 3 | AZ34: 3 | BA34: 3 | BB34: 3 | BC34: 3 | BD34: 3 | BE34: 3 | BF34: 3 | BG34: 3 | BH34: 3 | BI34: 3 | BJ34: 3 | BK34: 3 | BL34: 3 | BM34: 3 | BN34: 3 | BO34: 3 | BP34: 3 | BQ34: 3 | BR34: 3 | BS34: 3 | BT34: 3 | BU34: 3 | BV34: 1 | BW34: 1 | BX34: 1 | BY34: 1 | BZ34: 3 | CA34: 3 | CB34: 3 | CC34: 3 | CD34: 3 | CE34: 3 | CF34: 3 | CG34: 3 | CH34: 3 | CI34: 3 | CJ34: 3 | CK34: 3 | CL34: 3 | CM34: 3 | CN34: 3 | CO34: 3 | CP34: 3 | CQ34: 3 | CR34: 3 | CS34: 3 | CT34: 3 | CU34: 3 | CV34: 3 | CW34: 3 | CX34: 3 | CY34: 3 | CZ34: 3 | DA34: 3 | DB34: 3 | DC34: 3 | DD34: 3 | DE34: 3 | DF34: 3 | DG34: 3 | DH34: 3 | DI34: 3 | DJ34: 3 | DK34: 3 | DL34: 3 | DM34: 3 | DN34: 3 | DO34: 3 | DP34: 3 | DQ34: 3 | DR34: 3 | DS34: 3 | DT34: 3 | DU34: x | DZ34: 34 | ED34: $BU$37 | EI34: {=INDEX($A$71:$DT$71, COLUMN(AY61)) & ", " & INDEX($DZ$1:$DZ$68, ROW(AY61))} -> 50, 7 | EJ34: {=_xlfn.TEXTSPLIT(EI34, ", ")} -> 50 | EK34: 7 | EN34: {=INDEX($A$71:$DT$71, COLUMN(CJ60)) & ", " & INDEX($DZ$1:$DZ$68, ROW(CJ60))} -> 87, 8 | EO34: {=_xlfn.TEXTSPLIT(EN34, ", ")} -> 87 | EP34: 8
A35: 3 | B35: 3 | C35: 0 | D35: 3 | E35: 3 | F35: 3 | G35: 3 | H35: 3 | I35: 3 | J35: 3 | K35: 3 | L35: 3 | M35: 3 | N35: 3 | O35: 3 | P35: 3 | Q35: 2 | R35: 3 | S35: 3 | T35: 3 | U35: 3 | V35: 3 | W35: 3 | X35: 3 | Y35: 3 | Z35: 3 | AA35: 2 | AB35: 3 | AC35: 3 | AD35: 3 | AE35: 3 | AF35: 3 | AG35: 3 | AH35: 3 | AI35: 3 | AJ35: 3 | AK35: 3 | AL35: 3 | AM35: 3 | AN35: 1 | AO35: 2 | AP35: 3 | AQ35: 0 | AR35: 3 | AS35: 3 | AT35: 3 | AU35: 3 | AV35: 3 | AW35: 3 | AX35: 3 | AY35: 3 | AZ35: 3 | BA35: 3 | BB35: 3 | BC35: 3 | BD35: 3 | BE35: 3 | BF35: 3 | BG35: 3 | BH35: 3 | BI35: 3 | BJ35: 3 | BK35: 3 | BL35: 3 | BM35: 3 | BN35: 3 | BO35: 3 | BP35: 3 | BQ35: 3 | BR35: 3 | BS35: 3 | BT35: 3 | BU35: 3 | BV35: 1 | BW35: 3 | BX35: 3 | BY35: 1 | BZ35: 1 | CA35: 3 | CB35: 3 | CC35: 3 | CD35: 3 | CE35: 3 | CF35: 3 | CG35: 3 | CH35: 3 | CI35: 3 | CJ35: 3 | CK35: 3 | CL35: 3 | CM35: 3 | CN35: 3 | CO35: 3 | CP35: 3 | CQ35: 3 | CR35: 3 | CS35: 3 | CT35: 3 | CU35: 3 | CV35: 3 | CW35: 3 | CX35: 3 | CY35: 3 | CZ35: 3 | DA35: 3 | DB35: 3 | DC35: 3 | DD35: 3 | DE35: 3 | DF35: 3 | DG35: 3 | DH35: 3 | DI35: 3 | DJ35: 3 | DK35: 3 | DL35: 3 | DM35: 3 | DN35: 3 | DO35: 3 | DP35: 3 | DQ35: 3 | DR35: 3 | DS35: 3 | DT35: 3 | DU35: x | DZ35: 33 | ED35: $BU$38
A36: 3 | B36: 3 | C36: 0 | D36: 3 | E36: 3 | F36: 3 | G36: 3 | H36: 3 | I36: 3 | J36: 3 | K36: 3 | L36: 3 | M36: 3 | N36: 3 | O36: 3 | P36: 3 | Q36: 2 | R36: 3 | S36: 3 | T36: 3 | U36: 3 | V36: 3 | W36: 3 | X36: 3 | Y36: 3 | Z36: 2 | AA36: 2 | AB36: 3 | AC36: 3 | AD36: 3 | AE36: 3 | AF36: 3 | AG36: 3 | AH36: 3 | AI36: 3 | AJ36: 3 | AK36: 3 | AL36: 3 | AM36: 2 | AN36: 2 | AO36: 2 | AP36: 3 | AQ36: 0 | AR36: 3 | AS36: 3 | AT36: 3 | AU36: 3 | AV36: 3 | AW36: 3 | AX36: 3 | AY36: 3 | AZ36: 3 | BA36: 3 | BB36: 3 | BC36: 3 | BD36: 3 | BE36: 3 | BF36: 3 | BG36: 3 | BH36: 3 | BI36: 3 | BJ36: 3 | BK36: 3 | BL36: 3 | BM36: 3 | BN36: 3 | BO36: 3 | BP36: 3 | BQ36: 3 | BR36: 3 | BS36: 3 | BT36: 3 | BU36: 1 | BV36: 1 | BW36: 3 | BX36: 3 | BY36: 3 | BZ36: 1 | CA36: 1 | CB36: 1 | CC36: 3 | CD36: 3 | CE36: 3 | CF36: 3 | CG36: 3 | CH36: 3 | CI36: 3 | CJ36: 3 | CK36: 3 | CL36: 3 | CM36: 3 | CN36: 3 | CO36: 3 | CP36: 3 | CQ36: 3 | CR36: 3 | CS36: 3 | CT36: 3 | CU36: 3 | CV36: 3 | CW36: 3 | CX36: 3 | CY36: 3 | CZ36: 3 | DA36: 3 | DB36: 3 | DC36: 3 | DD36: 3 | DE36: 3 | DF36: 3 | DG36: 3 | DH36: 3 | DI36: 3 | DJ36: 3 | DK36: 3 | DL36: 3 | DM36: 3 | DN36: 3 | DO36: 3 | DP36: 3 | DQ36: 3 | DR36: 3 | DS36: 3 | DT36: 3 | DU36: x | DZ36: 32 | ED36: $BV$31
A37: 3 | B37: 3 | C37: 0 | D37: 3 | E37: 3 | F37: 3 | G37: 3 | H37: 3 | I37: 3 | J37: 3 | K37: 3 | L37: 3 | M37: 3 | N37: 3 | O37: 3 | P37: 3 | Q37: 3 | R37: 2 | S37: 3 | T37: 2 | U37: 2 | V37: 2 | W37: 3 | X37: 2 | Y37: 2 | Z37: 3 | AA37: 3 | AB37: 3 | AC37: 3 | AD37: 3 | AE37: 3 | AF37: 3 | AG37: 3 | AH37: 3 | AI37: 3 | AJ37: 3 | AK37: 3 | AL37: 1 | AM37: 1 | AN37: 2 | AO37: 1 | AP37: 3 | AQ37: 2 | AR37: 3 | AS37: 3 | AT37: 3 | AU37: 3 | AV37: 3 | AW37: 3 | AX37: 3 | AY37: 3 | AZ37: 3 | BA37: 3 | BB37: 3 | BC37: 3 | BD37: 3 | BE37: 3 | BF37: 3 | BG37: 3 | BH37: 3 | BI37: 3 | BJ37: 3 | BK37: 3 | BL37: 3 | BM37: 3 | BN37: 3 | BO37: 3 | BP37: 3 | BQ37: 3 | BR37: 3 | BS37: 3 | BT37: 3 | BU37: 1 | BV37: 3 | BW37: 3 | BX37: 3 | BY37: 3 | BZ37: 3 | CA37: 3 | CB37: 1 | CC37: 1 | CD37: 3 | CE37: 3 | CF37: 3 | CG37: 3 | CH37: 3 | CI37: 3 | CJ37: 3 | CK37: 3 | CL37: 3 | CM37: 3 | CN37: 3 | CO37: 3 | CP37: 3 | CQ37: 3 | CR37: 3 | CS37: 3 | CT37: 3 | CU37: 3 | CV37: 3 | CW37: 3 | CX37: 3 | CY37: 3 | CZ37: 3 | DA37: 3 | DB37: 3 | DC37: 3 | DD37: 3 | DE37: 3 | DF37: 3 | DG37: 3 | DH37: 3 | DI37: 3 | DJ37: 3 | DK37: 3 | DL37: 3 | DM37: 3 | DN37: 3 | DO37: 3 | DP37: 3 | DQ37: 3 | DR37: 3 | DS37: 3 | DT37: 3 | DU37: x | DZ37: 31 | ED37: $BV$32
A38: 3 | B38: 3 | C38: 0 | D38: 3 | E38: 3 | F38: 3 | G38: 3 | H38: 3 | I38: 3 | J38: 3 | K38: 2 | L38: 2 | M38: 3 | N38: 2 | O38: 3 | P38: 2 | Q38: 2 | R38: 2 | S38: 3 | T38: 3 | U38: 1 | V38: 2 | W38: 3 | X38: 2 | Y38: 1 | Z38: 2 | AA38: 2 | AB38: 2 | AC38: 3 | AD38: 2 | AE38: 3 | AF38: 2 | AG38: 2 | AH38: 2 | AI38: 3 | AJ38: 3 | AK38: 3 | AL38: 3 | AM38: 2 | AN38: 2 | AO38: 2 | AP38: 3 | AQ38: 0 | AR38: 3 | AS38: 3 | AT38: 3 | AU38: 3 | AV38: 3 | AW38: 3 | AX38: 3 | AY38: 3 | AZ38: 3 | BA38: 3 | BB38: 3 | BC38: 3 | BD38: 3 | BE38: 3 | BF38: 3 | BG38: 3 | BH38: 3 | BI38: 3 | BJ38: 3 | BK38: 3 | BL38: 3 | BM38: 3 | BN38: 3 | BO38: 3 | BP38: 3 | BQ38: 3 | BR38: 3 | BS38: 3 | BT38: 1 | BU38: 1 | BV38: 3 | BW38: 3 | BX38: 3 | BY38: 3 | BZ38: 3 | CA38: 3 | CB38: 3 | CC38: 1 | CD38: 1 | CE38: 3 | CF38: 3 | CG38: 3 | CH38: =OFFSET($N$9, ROW($CH$62) - ROW(), COLUMN($DF$38) - COLUMN()) -> 3 | CI38: =OFFSET($N$9, ROW($CH$62) - ROW(), COLUMN($DF$38) - COLUMN()) -> 3 | CJ38: =OFFSET($N$9, ROW($CH$62) - ROW(), COLUMN($DF$38) - COLUMN()) -> 3 | CK38: =OFFSET($N$9, ROW($CH$62) - ROW(), COLUMN($DF$38) - COLUMN()) -> 2 | CL38: =OFFSET($N$9, ROW($CH$62) - ROW(), COLUMN($DF$38) - COLUMN()) -> 2 | CM38: =OFFSET($N$9, ROW($CH$62) - ROW(), COLUMN($DF$38) - COLUMN()) -> 2 | CN38: =OFFSET($N$9, ROW($CH$62) - ROW(), COLUMN($DF$38) - COLUMN()) -> 2 | CO38: =OFFSET($N$9, ROW($CH$62) - ROW(), COLUMN($DF$38) - COLUMN()) -> 2 | ... DF38: =OFFSET($N$9, ROW($CH$62) - ROW(), COLUMN($DF$38) - COLUMN()) -> 3 | DG38: 3 | DH38: 3 | DI38: 3 | DJ38: 3 | DK38: 3 | DL38: 3 | DM38: 3 | DN38: 3 | DO38: 3 | DP38: 3 | DQ38: 3 | DR38: 3 | DS38: 3 | DT38: 3 | DU38: x | DZ38: 30 | ED38: $BV$34 | EW38: {=IF(CM40=1, CELL("address", CM40), "")}
A39: 3 | B39: 3 | C39: 0 | D39: 3 | E39: 3 | F39: 3 | G39: 3 | H39: 3 | I39: 3 | J39: 3 | K39: 2 | L39: 1 | M39: 2 | N39: 2 | O39: 1 | P39: 2 | Q39: 2 | R39: 1 | S39: 2 | T39: 2 | U39: 2 | V39: 2 | W39: 3 | X39: 2 | Y39: 2 | Z39: 2 | AA39: 2 | AB39: 1 | AC39: 2 | AD39: 2 | AE39: 1 | AF39: 2 | AG39: 2 | AH39: 1 | AI39: 2 | AJ39: 3 | AK39: 3 | AL39: 3 | AM39: 3 | AN39: 1 | AO39: 2 | AP39: 3 | AQ39: 0 | AR39: 3 | AS39: 3 | AT39: 3 | AU39: 3 | AV39: 3 | AW39: =OFFSET($N$9, ROW($AW$63) - ROW(), COLUMN() - COLUMN($AW$39)) -> 3 | AX39: =OFFSET($N$9, ROW($AW$63) - ROW(), COLUMN() - COLUMN($AW$39)) -> 3 | AY39: =OFFSET($N$9, ROW($AW$63) - ROW(), COLUMN() - COLUMN($AW$39)) -> 3 | AZ39: =OFFSET($N$9, ROW($AW$63) - ROW(), COLUMN() - COLUMN($AW$39)) -> 2 | BA39: =OFFSET($N$9, ROW($AW$63) - ROW(), COLUMN() - COLUMN($AW$39)) -> 2 | BB39: =OFFSET($N$9, ROW($AW$63) - ROW(), COLUMN() - COLUMN($AW$39)) -> 2 | BC39: =OFFSET($N$9, ROW($AW$63) - ROW(), COLUMN() - COLUMN($AW$39)) -> 3 | BD39: =OFFSET($N$9, ROW($AW$63) - ROW(), COLUMN() - COLUMN($AW$39)) -> 2 | ... BR39: =OFFSET($N$9, ROW($AW$63) - ROW(), COLUMN() - COLUMN($AW$39)) -> 2 | BS39: 1 | BT39: 1 | BU39: =OFFSET($N$9, ROW($AW$63) - ROW(), COLUMN() - COLUMN($AW$39)) -> 3 | BV39: 3 | BW39: 3 | BX39: 3 | BY39: 3 | BZ39: 3 | CA39: 3 | CB39: 3 | CC39: 3 | CD39: 1 | CE39: 1 | CF39: 3 | CG39: 3 | CH39: =OFFSET($N$9, ROW($CH$62) - ROW(), COLUMN($DF$38) - COLUMN()) -> 3 | CI39: =OFFSET($N$9, ROW($CH$62) - ROW(), COLUMN($DF$38) - COLUMN()) -> 3 | CJ39: =OFFSET($N$9, ROW($CH$62) - ROW(), COLUMN($DF$38) - COLUMN()) -> 2 | CK39: =OFFSET($N$9, ROW($CH$62) - ROW(), COLUMN($DF$38) - COLUMN()) -> 2 | CL39: =OFFSET($N$9, ROW($CH$62) - ROW(), COLUMN($DF$38) - COLUMN()) -> 2 | CM39: =OFFSET($N$9, ROW($CH$62) - ROW(), COLUMN($DF$38) - COLUMN()) -> 2 | CN39: =OFFSET($N$9, ROW($CH$62) - ROW(), COLUMN($DF$38) - COLUMN()) -> 2 | CO39: =OFFSET($N$9, ROW($CH$62) - ROW(), COLUMN($DF$38) - COLUMN()) -> 2 | ... DF39: =OFFSET($N$9, ROW($CH$62) - ROW(), COLUMN($DF$38) - COLUMN()) -> 3 | DG39: 3 | DH39: 3 | DI39: 3 | DJ39: 3 | DK39: 3 | DL39: 3 | DM39: 3 | DN39: 3 | DO39: 3 | DP39: 3 | DQ39: 3 | DR39: 3 | DS39: 3 | DT39: 3 | DU39: x | DZ39: 29 | ED39: $BV$35 | EW39: {=IF(CM41=1, CELL("address", CM41), "")}
A40: 3 | B40: 3 | C40: 0 | D40: 3 | E40: 3 | F40: 3 | G40: 3 | H40: 3 | I40: 3 | J40: 3 | K40: 2 | L40: 2 | M40: 2 | N40: 2 | O40: 2 | P40: 2 | Q40: 2 | R40: 2 | S40: 2 | T40: 3 | U40: 3 | V40: 3 | W40: 2 | X40: 3 | Y40: 3 | Z40: 3 | AA40: 2 | AB40: 2 | AC40: 1 | AD40: 1 | AE40: 2 | AF40: 2 | AG40: 2 | AH40: 2 | AI40: 1 | AJ40: 3 | AK40: 3 | AL40: 3 | AM40: 3 | AN40: 3 | AO40: 3 | AP40: 3 | AQ40: 0 | AR40: 3 | AS40: 3 | AT40: 3 | AU40: 3 | AV40: 3 | AW40: =OFFSET($N$9, ROW($AW$63) - ROW(), COLUMN() - COLUMN($AW$39)) -> 3 | AX40: =OFFSET($N$9, ROW($AW$63) - ROW(), COLUMN() - COLUMN($AW$39)) -> 3 | AY40: =OFFSET($N$9, ROW($AW$63) - ROW(), COLUMN() - COLUMN($AW$39)) -> 2 | AZ40: =OFFSET($N$9, ROW($AW$63) - ROW(), COLUMN() - COLUMN($AW$39)) -> 2 | BA40: =OFFSET($N$9, ROW($AW$63) - ROW(), COLUMN() - COLUMN($AW$39)) -> 1 | BB40: =OFFSET($N$9, ROW($AW$63) - ROW(), COLUMN() - COLUMN($AW$39)) -> 2 | BC40: =OFFSET($N$9, ROW($AW$63) - ROW(), COLUMN() - COLUMN($AW$39)) -> 3 | BD40: =OFFSET($N$9, ROW($AW$63) - ROW(), COLUMN() - COLUMN($AW$39)) -> 2 | ... BS40: =OFFSET($N$9, ROW($AW$63) - ROW(), COLUMN() - COLUMN($AW$39)) -> 2 | BT40: 3 | BU40: =OFFSET($N$9, ROW($AW$63) - ROW(), COLUMN() - COLUMN($AW$39)) -> 3 | BV40: 3 | BW40: 3 | BX40: 3 | BY40: 3 | BZ40: 3 | CA40: 3 | CB40: 3 | CC40: 3 | CD40: 3 | CE40: 1 | CF40: 1 | CG40: 1 | CH40: =OFFSET($N$9, ROW($CH$62) - ROW(), COLUMN($DF$38) - COLUMN()) -> 3 | CI40: =OFFSET($N$9, ROW($CH$62) - ROW(), COLUMN($DF$38) - COLUMN()) -> 2 | CJ40: =OFFSET($N$9, ROW($CH$62) - ROW(), COLUMN($DF$38) - COLUMN()) -> 2 | CK40: =OFFSET($N$9, ROW($CH$62) - ROW(), COLUMN($DF$38) - COLUMN()) -> 2 | CL40: =OFFSET($N$9, ROW($CH$62) - ROW(), COLUMN($DF$38) - COLUMN()) -> 2 | CM40: =OFFSET($N$9, ROW($CH$62) - ROW(), COLUMN($DF$38) - COLUMN()) -> 2 | CN40: =OFFSET($N$9, ROW($CH$62) - ROW(), COLUMN($DF$38) - COLUMN()) -> 2 | CO40: =OFFSET($N$9, ROW($CH$62) - ROW(), COLUMN($DF$38) - COLUMN()) -> 2 | ... DF40: =OFFSET($N$9, ROW($CH$62) - ROW(), COLUMN($DF$38) - COLUMN()) -> 3 | DG40: 3 | DH40: 3 | DI40: 3 | DJ40: 3 | DK40: 3 | DL40: 3 | DM40: 3 | DN40: 3 | DO40: 3 | DP40: 3 | DQ40: 3 | DR40: 3 | DS40: 3 | DT40: 3 | DU40: x | DZ40: 28 | ED40: $BV$36
A41: 3 | B41: 3 | C41: 0 | D41: 3 | E41: 3 | F41: 3 | G41: 3 | H41: 3 | I41: 3 | J41: 3 | K41: 2 | L41: 2 | M41: 2 | N41: 2 | O41: 2 | P41: 2 | Q41: 2 | R41: 2 | S41: 2 | T41: 3 | U41: 3 | V41: 2 | W41: 2 | X41: 3 | Y41: 3 | Z41: 3 | AA41: 2 | AB41: 2 | AC41: 1 | AD41: 1 | AE41: 2 | AF41: 2 | AG41: 2 | AH41: 2 | AI41: 1 | AJ41: 3 | AK41: 3 | AL41: 3 | AM41: 3 | AN41: 3 | AO41: 3 | AP41: 3 | AQ41: 0 | AR41: 3 | AS41: 3 | AT41: 3 | AU41: 3 | AV41: 3 | AW41: =OFFSET($N$9, ROW($AW$63) - ROW(), COLUMN() - COLUMN($AW$39)) -> 3 | AX41: =OFFSET($N$9, ROW($AW$63) - ROW(), COLUMN() - COLUMN($AW$39)) -> 2 | AY41: =OFFSET($N$9, ROW($AW$63) - ROW(), COLUMN() - COLUMN($AW$39)) -> 1 | AZ41: =OFFSET($N$9, ROW($AW$63) - ROW(), COLUMN() - COLUMN($AW$39)) -> 2 | BA41: =OFFSET($N$9, ROW($AW$63) - ROW(), COLUMN() - COLUMN($AW$39)) -> 2 | BB41: =OFFSET($N$9, ROW($AW$63) - ROW(), COLUMN() - COLUMN($AW$39)) -> 2 | BC41: =OFFSET($N$9, ROW($AW$63) - ROW(), COLUMN() - COLUMN($AW$39)) -> 2 | BD41: =OFFSET($N$9, ROW($AW$63) - ROW(), COLUMN() - COLUMN($AW$39)) -> 2 | ... BU41: =OFFSET($N$9, ROW($AW$63) - ROW(), COLUMN() - COLUMN($AW$39)) -> 3 | BV41: 3 | BW41: 3 | BX41: 3 | BY41: 3 | BZ41: 3 | CA41: 3 | CB41: 3 | CC41: 3 | CD41: 3 | CE41: 3 | CF41: 1 | CG41: 1 | CH41: =OFFSET($N$9, ROW($CH$62) - ROW(), COLUMN($DF$38) - COLUMN()) -> 1 | CI41: =OFFSET($N$9, ROW($CH$62) - ROW(), COLUMN($DF$38) - COLUMN()) -> 1 | CJ41: =OFFSET($N$9, ROW($CH$62) - ROW(), COLUMN($DF$38) - COLUMN()) -> 2 | CK41: =OFFSET($N$9, ROW($CH$62) - ROW(), COLUMN($DF$38) - COLUMN()) -> 1 | CL41: =OFFSET($N$9, ROW($CH$62) - ROW(), COLUMN($DF$38) - COLUMN()) -> 2 | CM41: =OFFSET($N$9, ROW($CH$62) - ROW(), COLUMN($DF$38) - COLUMN()) -> 2 | CN41: =OFFSET($N$9, ROW($CH$62) - ROW(), COLUMN($DF$38) - COLUMN()) -> 1 | CO41: =OFFSET($N$9, ROW($CH$62) - ROW(), COLUMN($DF$38) - COLUMN()) -> 2 | ... DF41: =OFFSET($N$9, ROW($CH$62) - ROW(), COLUMN($DF$38) - COLUMN()) -> 1 | DG41: 3 | DH41: 3 | DI41: 3 | DJ41: 3 | DK41: 3 | DL41: 3 | DM41: 3 | DN41: 3 | DO41: 3 | DP41: 3 | DQ41: 3 | DR41: 3 | DS41: 3 | DT41: 3 | DU41: x | DZ41: 27 | ED41: $BW$32
A42: 3 | B42: 3 | C42: 0 | D42: 3 | E42: 3 | F42: 3 | G42: 3 | H42: 3 | I42: 3 | J42: 3 | K42: 2 | L42: 1 | M42: 2 | N42: 2 | O42: 1 | P42: 2 | Q42: 2 | R42: 1 | S42: 2 | T42: 3 | U42: 2 | V42: 2 | W42: 2 | X42: 3 | Y42: 2 | Z42: 3 | AA42: 2 | AB42: 1 | AC42: 2 | AD42: 2 | AE42: 1 | AF42: 2 | AG42: 2 | AH42: 1 | AI42: 2 | AJ42: 3 | AK42: 3 | AL42: 3 | AM42: 3 | AN42: 3 | AO42: 3 | AP42: 3 | AQ42: 0 | AR42: 3 | AS42: 3 | AT42: 3 | AU42: 3 | AV42: 3 | AW42: =OFFSET($N$9, ROW($AW$63) - ROW(), COLUMN() - COLUMN($AW$39)) -> 1 | AX42: =OFFSET($N$9, ROW($AW$63) - ROW(), COLUMN() - COLUMN($AW$39)) -> 1 | AY42: =OFFSET($N$9, ROW($AW$63) - ROW(), COLUMN() - COLUMN($AW$39)) -> 2 | AZ42: =OFFSET($N$9, ROW($AW$63) - ROW(), COLUMN() - COLUMN($AW$39)) -> 2 | BA42: =OFFSET($N$9, ROW($AW$63) - ROW(), COLUMN() - COLUMN($AW$39)) -> 2 | BB42: =OFFSET($N$9, ROW($AW$63) - ROW(), COLUMN() - COLUMN($AW$39)) -> 2 | BC42: =OFFSET($N$9, ROW($AW$63) - ROW(), COLUMN() - COLUMN($AW$39)) -> 2 | BD42: =OFFSET($N$9, ROW($AW$63) - ROW(), COLUMN() - COLUMN($AW$39)) -> 2 | ... BU42: =OFFSET($N$9, ROW($AW$63) - ROW(), COLUMN() - COLUMN($AW$39)) -> 1 | BV42: 3 | BW42: 3 | BX42: 3 | BY42: 3 | BZ42: 3 | CA42: 3 | CB42: 3 | CC42: 3 | CD42: 3 | CE42: 3 | CF42: 3 | CG42: 3 | CH42: =OFFSET($N$9, ROW($CH$62) - ROW(), COLUMN($DF$38) - COLUMN()) -> 2 | CI42: =OFFSET($N$9, ROW($CH$62) - ROW(), COLUMN($DF$38) - COLUMN()) -> 1 | CJ42: =OFFSET($N$9, ROW($CH$62) - ROW(), COLUMN($DF$38) - COLUMN()) -> 1 | CK42: =OFFSET($N$9, ROW($CH$62) - ROW(), COLUMN($DF$38) - COLUMN()) -> 1 | CL42: =OFFSET($N$9, ROW($CH$62) - ROW(), COLUMN($DF$38) - COLUMN()) -> 2 | CM42: =OFFSET($N$9, ROW($CH$62) - ROW(), COLUMN($DF$38) - COLUMN()) -> 2 | CN42: =OFFSET($N$9, ROW($CH$62) - ROW(), COLUMN($DF$38) - COLUMN()) -> 1 | CO42: =OFFSET($N$9, ROW($CH$62) - ROW(), COLUMN($DF$38) - COLUMN()) -> 1 | ... DF42: =OFFSET($N$9, ROW($CH$62) - ROW(), COLUMN($DF$38) - COLUMN()) -> 2 | DG42: 3 | DH42: 3 | DI42: 3 | DJ42: 3 | DK42: 3 | DL42: 3 | DM42: 3 | DN42: 3 | DO42: 3 | DP42: 3 | DQ42: 3 | DR42: 3 | DS42: 3 | DT42: 3 | DU42: x | DZ42: 26 | ED42: $BW$33
A43: 3 | B43: 3 | C43: 0 | D43: 3 | E43: 3 | F43: 3 | G43: 3 | H43: 3 | I43: 3 | J43: 3 | K43: 2 | L43: 2 | M43: 3 | N43: 3 | O43: 2 | P43: 2 | Q43: 3 | R43: 2 | S43: 2 | T43: 3 | U43: 2 | V43: 2 | W43: 1 | X43: 2 | Y43: 2 | Z43: 3 | AA43: 3 | AB43: 2 | AC43: 2 | AD43: 2 | AE43: 3 | AF43: 2 | AG43: 1 | AH43: 2 | AI43: 3 | AJ43: 3 | AK43: 3 | AL43: 3 | AM43: 3 | AN43: 3 | AO43: 3 | AP43: 3 | AQ43: 0 | AR43: 3 | AS43: 3 | AT43: 3 | AU43: 3 | AV43: 3 | AW43: =OFFSET($N$9, ROW($AW$63) - ROW(), COLUMN() - COLUMN($AW$39)) -> 2 | AX43: =OFFSET($N$9, ROW($AW$63) - ROW(), COLUMN() - COLUMN($AW$39)) -> 2 | AY43: =OFFSET($N$9, ROW($AW$63) - ROW(), COLUMN() - COLUMN($AW$39)) -> 1 | AZ43: =OFFSET($N$9, ROW($AW$63) - ROW(), COLUMN() - COLUMN($AW$39)) -> 1 | BA43: =OFFSET($N$9, ROW($AW$63) - ROW(), COLUMN() - COLUMN($AW$39)) -> 2 | BB43: =OFFSET($N$9, ROW($AW$63) - ROW(), COLUMN() - COLUMN($AW$39)) -> 2 | BC43: =OFFSET($N$9, ROW($AW$63) - ROW(), COLUMN() - COLUMN($AW$39)) -> 2 | BD43: =OFFSET($N$9, ROW($AW$63) - ROW(), COLUMN() - COLUMN($AW$39)) -> 2 | ... BU43: =OFFSET($N$9, ROW($AW$63) - ROW(), COLUMN() - COLUMN($AW$39)) -> 2 | BV43: 3 | BW43: 3 | BX43: 3 | BY43: 3 | BZ43: 3 | CA43: 3 | CB43: 3 | CC43: 3 | CD43: 3 | CE43: 3 | CF43: 3 | CG43: 3 | CH43: =OFFSET($N$9, ROW($CH$62) - ROW(), COLUMN($DF$38) - COLUMN()) -> 2 | CI43: =OFFSET($N$9, ROW($CH$62) - ROW(), COLUMN($DF$38) - COLUMN()) -> 2 | CJ43: =OFFSET($N$9, ROW($CH$62) - ROW(), COLUMN($DF$38) - COLUMN()) -> 2 | CK43: =OFFSET($N$9, ROW($CH$62) - ROW(), COLUMN($DF$38) - COLUMN()) -> 2 | CL43: =OFFSET($N$9, ROW($CH$62) - ROW(), COLUMN($DF$38) - COLUMN()) -> 2 | CM43: =OFFSET($N$9, ROW($CH$62) - ROW(), COLUMN($DF$38) - COLUMN()) -> 2 | CN43: =OFFSET($N$9, ROW($CH$62) - ROW(), COLUMN($DF$38) - COLUMN()) -> 2 | CO43: =OFFSET($N$9, ROW($CH$62) - ROW(), COLUMN($DF$38) - COLUMN()) -> 1 | ... DF43: =OFFSET($N$9, ROW($CH$62) - ROW(), COLUMN($DF$38) - COLUMN()) -> 3 | DG43: 3 | DH43: 3 | DI43: 3 | DJ43: 3 | DK43: 3 | DL43: 3 | DM43: 3 | DN43: 3 | DO43: 3 | DP43: 3 | DQ43: 3 | DR43: 3 | DS43: 3 | DT43: 3 | DU43: x | DZ43: 25 | ED43: $BW$34
A44: 3 | B44: 3 | C44: 0 | D44: 3 | E44: 3 | F44: 3 | G44: 3 | H44: 3 | I44: 3 | J44: 3 | K44: 2 | L44: 2 | M44: 2 | N44: 3 | O44: 3 | P44: 3 | Q44: 3 | R44: 3 | S44: 3 | T44: 3 | U44: 2 | V44: 1 | W44: 2 | X44: 2 | Y44: 2 | Z44: 3 | AA44: 3 | AB44: 3 | AC44: 3 | AD44: 3 | AE44: 3 | AF44: 3 | AG44: 1 | AH44: 2 | AI44: 3 | AJ44: 3 | AK44: 3 | AL44: 3 | AM44: 3 | AN44: 3 | AO44: 3 | AP44: 3 | AQ44: 0 | AR44: 3 | AS44: 3 | AT44: 3 | AU44: 3 | AV44: 3 | AW44: =OFFSET($N$9, ROW($AW$63) - ROW(), COLUMN() - COLUMN($AW$39)) -> 3 | AX44: =OFFSET($N$9, ROW($AW$63) - ROW(), COLUMN() - COLUMN($AW$39)) -> 2 | AY44: =OFFSET($N$9, ROW($AW$63) - ROW(), COLUMN() - COLUMN($AW$39)) -> 2 | AZ44: =OFFSET($N$9, ROW($AW$63) - ROW(), COLUMN() - COLUMN($AW$39)) -> 2 | BA44: =OFFSET($N$9, ROW($AW$63) - ROW(), COLUMN() - COLUMN($AW$39)) -> 2 | BB44: =OFFSET($N$9, ROW($AW$63) - ROW(), COLUMN() - COLUMN($AW$39)) -> 2 | BC44: =OFFSET($N$9, ROW($AW$63) - ROW(), COLUMN() - COLUMN($AW$39)) -> 2 | BD44: =OFFSET($N$9, ROW($AW$63) - ROW(), COLUMN() - COLUMN($AW$39)) -> 2 | ... BU44: =OFFSET($N$9, ROW($AW$63) - ROW(), COLUMN() - COLUMN($AW$39)) -> 2 | BV44: 3 | BW44: 3 | BX44: 3 | BY44: 3 | BZ44: 3 | CA44: 3 | CB44: 3 | CC44: 3 | CD44: 3 | CE44: 3 | CF44: 3 | CG44: 3 | CH44: =OFFSET($N$9, ROW($CH$62) - ROW(), COLUMN($DF$38) - COLUMN()) -> 3 | CI44: =OFFSET($N$9, ROW($CH$62) - ROW(), COLUMN($DF$38) - COLUMN()) -> 3 | CJ44: =OFFSET($N$9, ROW($CH$62) - ROW(), COLUMN($DF$38) - COLUMN()) -> 1 | CK44: =OFFSET($N$9, ROW($CH$62) - ROW(), COLUMN($DF$38) - COLUMN()) -> 2 | CL44: =OFFSET($N$9, ROW($CH$62) - ROW(), COLUMN($DF$38) - COLUMN()) -> 2 | CM44: =OFFSET($N$9, ROW($CH$62) - ROW(), COLUMN($DF$38) - COLUMN()) -> 2 | CN44: =OFFSET($N$9, ROW($CH$62) - ROW(), COLUMN($DF$38) - COLUMN()) -> 1 | CO44: =OFFSET($N$9, ROW($CH$62) - ROW(), COLUMN($DF$38) - COLUMN()) -> 1 | ... DF44: =OFFSET($N$9, ROW($CH$62) - ROW(), COLUMN($DF$38) - COLUMN()) -> 3 | DG44: 3 | DH44: 3 | DI44: 3 | DJ44: 3 | DK44: 3 | DL44: 3 | DM44: 3 | DN44: 3 | DO44: 3 | DP44: 3 | DQ44: 3 | DR44: 3 | DS44: 3 | DT44: 3 | DU44: x | DZ44: 24 | ED44: $BX$30
A45: 3 | B45: 3 | C45: 0 | D45: 3 | E45: 3 | F45: 3 | G45: 3 | H45: 3 | I45: 3 | J45: 3 | K45: 2 | L45: 1 | M45: 3 | N45: 3 | O45: 2 | P45: 2 | Q45: 3 | R45: 3 | S45: 2 | T45: 2 | U45: 1 | V45: 2 | W45: 2 | X45: 2 | Y45: 2 | Z45: 2 | AA45: 1 | AB45: 3 | AC45: 3 | AD45: 2 | AE45: 3 | AF45: 2 | AG45: 2 | AH45: 1 | AI45: 2 | AJ45: 3 | AK45: 3 | AL45: 3 | AM45: 3 | AN45: 3 | AO45: 3 | AP45: 3 | AQ45: 0 | AR45: 3 | AS45: 3 | AT45: 3 | AU45: 3 | AV45: 3 | AW45: =OFFSET($N$9, ROW($AW$63) - ROW(), COLUMN() - COLUMN($AW$39)) -> 3 | AX45: =OFFSET($N$9, ROW($AW$63) - ROW(), COLUMN() - COLUMN($AW$39)) -> 3 | AY45: =OFFSET($N$9, ROW($AW$63) - ROW(), COLUMN() - COLUMN($AW$39)) -> 2 | AZ45: =OFFSET($N$9, ROW($AW$63) - ROW(), COLUMN() - COLUMN($AW$39)) -> 2 | BA45: =OFFSET($N$9, ROW($AW$63) - ROW(), COLUMN() - COLUMN($AW$39)) -> 2 | BB45: =OFFSET($N$9, ROW($AW$63) - ROW(), COLUMN() - COLUMN($AW$39)) -> 2 | BC45: =OFFSET($N$9, ROW($AW$63) - ROW(), COLUMN() - COLUMN($AW$39)) -> 2 | BD45: =OFFSET($N$9, ROW($AW$63) - ROW(), COLUMN() - COLUMN($AW$39)) -> 2 | ... BU45: =OFFSET($N$9, ROW($AW$63) - ROW(), COLUMN() - COLUMN($AW$39)) -> 3 | BV45: 3 | BW45: 3 | BX45: 3 | BY45: 3 | BZ45: 3 | CA45: 3 | CB45: 3 | CC45: 3 | CD45: 3 | CE45: 3 | CF45: 3 | CG45: 3 | CH45: =OFFSET($N$9, ROW($CH$62) - ROW(), COLUMN($DF$38) - COLUMN()) -> 2 | CI45: =OFFSET($N$9, ROW($CH$62) - ROW(), COLUMN($DF$38) - COLUMN()) -> 1 | CJ45: =OFFSET($N$9, ROW($CH$62) - ROW(), COLUMN($DF$38) - COLUMN()) -> 1 | CK45: =OFFSET($N$9, ROW($CH$62) - ROW(), COLUMN($DF$38) - COLUMN()) -> 2 | CL45: =OFFSET($N$9, ROW($CH$62) - ROW(), COLUMN($DF$38) - COLUMN()) -> 2 | CM45: =OFFSET($N$9, ROW($CH$62) - ROW(), COLUMN($DF$38) - COLUMN()) -> 2 | CN45: =OFFSET($N$9, ROW($CH$62) - ROW(), COLUMN($DF$38) - COLUMN()) -> 2 | CO45: =OFFSET($N$9, ROW($CH$62) - ROW(), COLUMN($DF$38) - COLUMN()) -> 2 | ... DF45: =OFFSET($N$9, ROW($CH$62) - ROW(), COLUMN($DF$38) - COLUMN()) -> 3 | DG45: 3 | DH45: 3 | DI45: 3 | DJ45: 3 | DK45: 3 | DL45: 3 | DM45: 3 | DN45: 3 | DO45: 3 | DP45: 3 | DQ45: 3 | DR45: 3 | DS45: 3 | DT45: 3 | DU45: x | DZ45: 23 | ED45: $BX$31
A46: 3 | B46: 3 | C46: 0 | D46: 3 | E46: 3 | F46: 3 | G46: 3 | H46: 3 | I46: 3 | J46: 3 | K46: 2 | L46: 2 | M46: 2 | N46: 2 | O46: 1 | P46: 2 | Q46: 3 | R46: 2 | S46: 2 | T46: 1 | U46: 2 | V46: 2 | W46: 3 | X46: 2 | Y46: 2 | Z46: 2 | AA46: 2 | AB46: 1 | AC46: 3 | AD46: 2 | AE46: 1 | AF46: 2 | AG46: 2 | AH46: 2 | AI46: 2 | AJ46: 3 | AK46: 3 | AL46: 3 | AM46: 3 | AN46: 3 | AO46: 3 | AP46: 3 | AQ46: 0 | AR46: 3 | AS46: 3 | AT46: 3 | AU46: 3 | AV46: 3 | AW46: =OFFSET($N$9, ROW($AW$63) - ROW(), COLUMN() - COLUMN($AW$39)) -> 3 | AX46: =OFFSET($N$9, ROW($AW$63) - ROW(), COLUMN() - COLUMN($AW$39)) -> 3 | AY46: =OFFSET($N$9, ROW($AW$63) - ROW(), COLUMN() - COLUMN($AW$39)) -> 1 | AZ46: =OFFSET($N$9, ROW($AW$63) - ROW(), COLUMN() - COLUMN($AW$39)) -> 2 | BA46: =OFFSET($N$9, ROW($AW$63) - ROW(), COLUMN() - COLUMN($AW$39)) -> 2 | BB46: =OFFSET($N$9, ROW($AW$63) - ROW(), COLUMN() - COLUMN($AW$39)) -> 2 | BC46: =OFFSET($N$9, ROW($AW$63) - ROW(), COLUMN() - COLUMN($AW$39)) -> 2 | BD46: =OFFSET($N$9, ROW($AW$63) - ROW(), COLUMN() - COLUMN($AW$39)) -> 2 | ... BU46: =OFFSET($N$9, ROW($AW$63) - ROW(), COLUMN() - COLUMN($AW$39)) -> 2 | BV46: 3 | BW46: 3 | BX46: 3 | BY46: 3 | BZ46: 3 | CA46: 3 | CB46: 3 | CC46: 3 | CD46: 3 | CE46: 3 | CF46: 3 | CG46: 3 | CH46: =OFFSET($N$9, ROW($CH$62) - ROW(), COLUMN($DF$38) - COLUMN()) -> 2 | CI46: =OFFSET($N$9, ROW($CH$62) - ROW(), COLUMN($DF$38) - COLUMN()) -> 2 | CJ46: =OFFSET($N$9, ROW($CH$62) - ROW(), COLUMN($DF$38) - COLUMN()) -> 2 | CK46: =OFFSET($N$9, ROW($CH$62) - ROW(), COLUMN($DF$38) - COLUMN()) -> 2 | CL46: =OFFSET($N$9, ROW($CH$62) - ROW(), COLUMN($DF$38) - COLUMN()) -> 2 | CM46: =OFFSET($N$9, ROW($CH$62) - ROW(), COLUMN($DF$38) - COLUMN()) -> 2 | CN46: =OFFSET($N$9, ROW($CH$62) - ROW(), COLUMN($DF$38) - COLUMN()) -> 2 | CO46: =OFFSET($N$9, ROW($CH$62) - ROW(), COLUMN($DF$38) - COLUMN()) -> 2 | ... DF46: =OFFSET($N$9, ROW($CH$62) - ROW(), COLUMN($DF$38) - COLUMN()) -> 3 | DG46: 3 | DH46: 3 | DI46: 3 | DJ46: 3 | DK46: 3 | DL46: 3 | DM46: 3 | DN46: 3 | DO46: 3 | DP46: 3 | DQ46: 3 | DR46: 3 | DS46: 3 | DT46: 3 | DU46: x | DZ46: 22 | ED46: $BX$32
A47: 3 | B47: 3 | C47: 0 | D47: 3 | E47: 3 | F47: 3 | G47: 3 | H47: 3 | I47: 3 | J47: 3 | K47: 2 | L47: 2 | M47: 2 | N47: 2 | O47: 2 | P47: 2 | Q47: 3 | R47: 2 | S47: 1 | T47: 1 | U47: 1 | V47: 2 | W47: 3 | X47: 2 | Y47: 2 | Z47: 1 | AA47: 2 | AB47: 1 | AC47: 3 | AD47: 2 | AE47: 2 | AF47: 2 | AG47: 2 | AH47: 2 | AI47: 2 | AJ47: 3 | AK47: 3 | AL47: 3 | AM47: 3 | AN47: 3 | AO47: 3 | AP47: 3 | AQ47: 0 | AR47: 3 | AS47: 3 | AT47: 3 | AU47: 3 | AV47: 3 | AW47: =OFFSET($N$9, ROW($AW$63) - ROW(), COLUMN() - COLUMN($AW$39)) -> 3 | AX47: =OFFSET($N$9, ROW($AW$63) - ROW(), COLUMN() - COLUMN($AW$39)) -> 3 | AY47: =OFFSET($N$9, ROW($AW$63) - ROW(), COLUMN() - COLUMN($AW$39)) -> 1 | AZ47: =OFFSET($N$9, ROW($AW$63) - ROW(), COLUMN() - COLUMN($AW$39)) -> 2 | BA47: =OFFSET($N$9, ROW($AW$63) - ROW(), COLUMN() - COLUMN($AW$39)) -> 1 | BB47: =OFFSET($N$9, ROW($AW$63) - ROW(), COLUMN() - COLUMN($AW$39)) -> 2 | BC47: =OFFSET($N$9, ROW($AW$63) - ROW(), COLUMN() - COLUMN($AW$39)) -> 2 | BD47: =OFFSET($N$9, ROW($AW$63) - ROW(), COLUMN() - COLUMN($AW$39)) -> 1 | ... BU47: =OFFSET($N$9, ROW($AW$63) - ROW(), COLUMN() - COLUMN($AW$39)) -> 2 | BV47: 3 | BW47: 3 | BX47: 3 | BY47: 3 | BZ47: 3 | CA47: 3 | CB47: 3 | CC47: 3 | CD47: 3 | CE47: 3 | CF47: 3 | CG47: 3 | CH47: =OFFSET($N$9, ROW($CH$62) - ROW(), COLUMN($DF$38) - COLUMN()) -> 2 | CI47: =OFFSET($N$9, ROW($CH$62) - ROW(), COLUMN($DF$38) - COLUMN()) -> 1 | CJ47: =OFFSET($N$9, ROW($CH$62) - ROW(), COLUMN($DF$38) - COLUMN()) -> 2 | CK47: =OFFSET($N$9, ROW($CH$62) - ROW(), COLUMN($DF$38) - COLUMN()) -> 1 | CL47: =OFFSET($N$9, ROW($CH$62) - ROW(), COLUMN($DF$38) - COLUMN()) -> 2 | CM47: =OFFSET($N$9, ROW($CH$62) - ROW(), COLUMN($DF$38) - COLUMN()) -> 2 | CN47: =OFFSET($N$9, ROW($CH$62) - ROW(), COLUMN($DF$38) - COLUMN()) -> 2 | CO47: =OFFSET($N$9, ROW($CH$62) - ROW(), COLUMN($DF$38) - COLUMN()) -> 2 | ... DF47: =OFFSET($N$9, ROW($CH$62) - ROW(), COLUMN($DF$38) - COLUMN()) -> 3 | DG47: 3 | DH47: 3 | DI47: 3 | DJ47: 3 | DK47: 3 | DL47: 3 | DM47: 3 | DN47: 3 | DO47: 3 | DP47: 3 | DQ47: 3 | DR47: 3 | DS47: 3 | DT47: 3 | DU47: x | DZ47: 21 | ED47: $BX$33
A48: 3 | B48: 3 | C48: 0 | D48: 3 | E48: 3 | F48: 3 | G48: 3 | H48: 3 | I48: 3 | J48: 3 | K48: 2 | L48: 1 | M48: 3 | N48: 3 | O48: 3 | P48: 3 | Q48: 3 | R48: 1 | S48: 2 | T48: 3 | U48: 1 | V48: 2 | W48: 3 | X48: 2 | Y48: 2 | Z48: 2 | AA48: 3 | AB48: 3 | AC48: 3 | AD48: 3 | AE48: 3 | AF48: 3 | AG48: 2 | AH48: 1 | AI48: 3 | AJ48: 3 | AK48: 3 | AL48: 3 | AM48: 3 | AN48: 3 | AO48: 3 | AP48: 3 | AQ48: 0 | AR48: 3 | AS48: 3 | AT48: 3 | AU48: 3 | AV48: 3 | AW48: =OFFSET($N$9, ROW($AW$63) - ROW(), COLUMN() - COLUMN($AW$39)) -> 3 | AX48: =OFFSET($N$9, ROW($AW$63) - ROW(), COLUMN() - COLUMN($AW$39)) -> 1 | AY48: =OFFSET($N$9, ROW($AW$63) - ROW(), COLUMN() - COLUMN($AW$39)) -> 1 | AZ48: =OFFSET($N$9, ROW($AW$63) - ROW(), COLUMN() - COLUMN($AW$39)) -> 1 | BA48: =OFFSET($N$9, ROW($AW$63) - ROW(), COLUMN() - COLUMN($AW$39)) -> 2 | BB48: =OFFSET($N$9, ROW($AW$63) - ROW(), COLUMN() - COLUMN($AW$39)) -> 2 | BC48: =OFFSET($N$9, ROW($AW$63) - ROW(), COLUMN() - COLUMN($AW$39)) -> 2 | BD48: =OFFSET($N$9, ROW($AW$63) - ROW(), COLUMN() - COLUMN($AW$39)) -> 1 | ... BU48: =OFFSET($N$9, ROW($AW$63) - ROW(), COLUMN() - COLUMN($AW$39)) -> 2 | BV48: 3 | BW48: 3 | BX48: 3 | BY48: 3 | BZ48: 3 | CA48: 3 | CB48: 3 | CC48: 3 | CD48: 3 | CE48: 3 | CF48: 3 | CG48: 3 | CH48: =OFFSET($N$9, ROW($CH$62) - ROW(), COLUMN($DF$38) - COLUMN()) -> 2 | CI48: =OFFSET($N$9, ROW($CH$62) - ROW(), COLUMN($DF$38) - COLUMN()) -> 2 | CJ48: =OFFSET($N$9, ROW($CH$62) - ROW(), COLUMN($DF$38) - COLUMN()) -> 2 | CK48: =OFFSET($N$9, ROW($CH$62) - ROW(), COLUMN($DF$38) - COLUMN()) -> 2 | CL48: =OFFSET($N$9, ROW($CH$62) - ROW(), COLUMN($DF$38) - COLUMN()) -> 2 | CM48: =OFFSET($N$9, ROW($CH$62) - ROW(), COLUMN($DF$38) - COLUMN()) -> 2 | CN48: =OFFSET($N$9, ROW($CH$62) - ROW(), COLUMN($DF$38) - COLUMN()) -> 2 | CO48: =OFFSET($N$9, ROW($CH$62) - ROW(), COLUMN($DF$38) - COLUMN()) -> 2 | ... DF48: =OFFSET($N$9, ROW($CH$62) - ROW(), COLUMN($DF$38) - COLUMN()) -> 2 | DG48: 3 | DH48: 3 | DI48: 3 | DJ48: 3 | DK48: 3 | DL48: 3 | DM48: 3 | DN48: 3 | DO48: 3 | DP48: 3 | DQ48: 3 | DR48: 3 | DS48: 3 | DT48: 3 | DU48: x | DZ48: 20 | ED48: $BX$34
A49: 3 | B49: 3 | C49: 0 | D49: 3 | E49: 3 | F49: 3 | G49: 3 | H49: 3 | I49: 3 | J49: 3 | K49: 2 | L49: 2 | M49: 2 | N49: 3 | O49: 3 | P49: 2 | Q49: 1 | R49: 2 | S49: 2 | T49: 3 | U49: 1 | V49: 2 | W49: 2 | X49: 2 | Y49: 2 | Z49: 2 | AA49: 2 | AB49: 3 | AC49: 2 | AD49: 2 | AE49: 3 | AF49: 3 | AG49: 2 | AH49: 2 | AI49: 2 | AJ49: 3 | AK49: 3 | AL49: 3 | AM49: 3 | AN49: 3 | AO49: 3 | AP49: 3 | AQ49: 0 | AR49: 3 | AS49: 3 | AT49: 3 | AU49: 3 | AV49: 3 | AW49: =OFFSET($N$9, ROW($AW$63) - ROW(), COLUMN() - COLUMN($AW$39)) -> 2 | AX49: =OFFSET($N$9, ROW($AW$63) - ROW(), COLUMN() - COLUMN($AW$39)) -> 1 | AY49: =OFFSET($N$9, ROW($AW$63) - ROW(), COLUMN() - COLUMN($AW$39)) -> 2 | AZ49: =OFFSET($N$9, ROW($AW$63) - ROW(), COLUMN() - COLUMN($AW$39)) -> 1 | BA49: =OFFSET($N$9, ROW($AW$63) - ROW(), COLUMN() - COLUMN($AW$39)) -> 2 | BB49: =OFFSET($N$9, ROW($AW$63) - ROW(), COLUMN() - COLUMN($AW$39)) -> 2 | BC49: =OFFSET($N$9, ROW($AW$63) - ROW(), COLUMN() - COLUMN($AW$39)) -> 2 | BD49: =OFFSET($N$9, ROW($AW$63) - ROW(), COLUMN() - COLUMN($AW$39)) -> 2 | ... BU49: =OFFSET($N$9, ROW($AW$63) - ROW(), COLUMN() - COLUMN($AW$39)) -> 2 | BV49: 3 | BW49: 3 | BX49: 3 | BY49: 3 | BZ49: 3 | CA49: 3 | CB49: 3 | CC49: 3 | CD49: 3 | CE49: 3 | CF49: 3 | CG49: 3 | CH49: =OFFSET($N$9, ROW($CH$62) - ROW(), COLUMN($DF$38) - COLUMN()) -> 2 | CI49: =OFFSET($N$9, ROW($CH$62) - ROW(), COLUMN($DF$38) - COLUMN()) -> 2 | CJ49: =OFFSET($N$9, ROW($CH$62) - ROW(), COLUMN($DF$38) - COLUMN()) -> 2 | CK49: =OFFSET($N$9, ROW($CH$62) - ROW(), COLUMN($DF$38) - COLUMN()) -> 2 | CL49: =OFFSET($N$9, ROW($CH$62) - ROW(), COLUMN($DF$38) - COLUMN()) -> 2 | CM49: =OFFSET($N$9, ROW($CH$62) - ROW(), COLUMN($DF$38) - COLUMN()) -> 2 | CN49: =OFFSET($N$9, ROW($CH$62) - ROW(), COLUMN($DF$38) - COLUMN()) -> 2 | CO49: =OFFSET($N$9, ROW($CH$62) - ROW(), COLUMN($DF$38) - COLUMN()) -> 2 | ... DF49: =OFFSET($N$9, ROW($CH$62) - ROW(), COLUMN($DF$38) - COLUMN()) -> 2 | DG49: 3 | DH49: 3 | DI49: 3 | DJ49: 3 | DK49: 3 | DL49: 3 | DM49: 3 | DN49: 3 | DO49: 3 | DP49: 3 | DQ49: 3 | DR49: 3 | DS49: 3 | DT49: 3 | DU49: x | DZ49: 19 | ED49: $BY$30
A50: 3 | B50: 3 | C50: 0 | D50: 3 | E50: 3 | F50: 3 | G50: 3 | H50: 3 | I50: 3 | J50: 3 | K50: 3 | L50: 3 | M50: 3 | N50: 2 | O50: 2 | P50: 1 | Q50: 2 | R50: 2 | S50: 2 | T50: 3 | U50: 1 | V50: 2 | W50: 2 | X50: 2 | Y50: 2 | Z50: 3 | AA50: 2 | AB50: 3 | AC50: 2 | AD50: 2 | AE50: 1 | AF50: 2 | AG50: 3 | AH50: 3 | AI50: 3 | AJ50: 3 | AK50: 3 | AL50: 3 | AM50: 3 | AN50: 3 | AO50: 3 | AP50: 3 | AQ50: 0 | AR50: 3 | AS50: 3 | AT50: 3 | AU50: 3 | AV50: 3 | AW50: =OFFSET($N$9, ROW($AW$63) - ROW(), COLUMN() - COLUMN($AW$39)) -> 2 | AX50: =OFFSET($N$9, ROW($AW$63) - ROW(), COLUMN() - COLUMN($AW$39)) -> 2 | AY50: =OFFSET($N$9, ROW($AW$63) - ROW(), COLUMN() - COLUMN($AW$39)) -> 2 | AZ50: =OFFSET($N$9, ROW($AW$63) - ROW(), COLUMN() - COLUMN($AW$39)) -> 2 | BA50: =OFFSET($N$9, ROW($AW$63) - ROW(), COLUMN() - COLUMN($AW$39)) -> 2 | BB50: =OFFSET($N$9, ROW($AW$63) - ROW(), COLUMN() - COLUMN($AW$39)) -> 2 | BC50: =OFFSET($N$9, ROW($AW$63) - ROW(), COLUMN() - COLUMN($AW$39)) -> 2 | BD50: =OFFSET($N$9, ROW($AW$63) - ROW(), COLUMN() - COLUMN($AW$39)) -> 2 | ... BU50: =OFFSET($N$9, ROW($AW$63) - ROW(), COLUMN() - COLUMN($AW$39)) -> 2 | BV50: 3 | BW50: 3 | BX50: 3 | BY50: 3 | BZ50: 3 | CA50: 3 | CB50: 3 | CC50: 3 | CD50: 3 | CE50: 3 | CF50: 3 | CG50: 3 | CH50: =OFFSET($N$9, ROW($CH$62) - ROW(), COLUMN($DF$38) - COLUMN()) -> 2 | CI50: =OFFSET($N$9, ROW($CH$62) - ROW(), COLUMN($DF$38) - COLUMN()) -> 2 | CJ50: =OFFSET($N$9, ROW($CH$62) - ROW(), COLUMN($DF$38) - COLUMN()) -> 1 | CK50: =OFFSET($N$9, ROW($CH$62) - ROW(), COLUMN($DF$38) - COLUMN()) -> 2 | CL50: =OFFSET($N$9, ROW($CH$62) - ROW(), COLUMN($DF$38) - COLUMN()) -> 2 | CM50: =OFFSET($N$9, ROW($CH$62) - ROW(), COLUMN($DF$38) - COLUMN()) -> 2 | CN50: =OFFSET($N$9, ROW($CH$62) - ROW(), COLUMN($DF$38) - COLUMN()) -> 2 | CO50: =OFFSET($N$9, ROW($CH$62) - ROW(), COLUMN($DF$38) - COLUMN()) -> 2 | ... DF50: =OFFSET($N$9, ROW($CH$62) - ROW(), COLUMN($DF$38) - COLUMN()) -> 1 | DG50: 3 | DH50: 3 | DI50: 3 | DJ50: 3 | DK50: 3 | DL50: 3 | DM50: 3 | DN50: 3 | DO50: 3 | DP50: 3 | DQ50: 3 | DR50: 3 | DS50: 3 | DT50: 3 | DU50: x | DZ50: 18 | ED50: $BY$34
A51: 3 | B51: 3 | C51: 0 | D51: 3 | E51: 3 | F51: 3 | G51: 3 | H51: 3 | I51: 3 | J51: 3 | K51: 2 | L51: 2 | M51: 2 | N51: 3 | O51: 1 | P51: 2 | Q51: 1 | R51: 2 | S51: 2 | T51: 3 | U51: 3 | V51: 3 | W51: 1 | X51: 2 | Y51: 2 | Z51: 3 | AA51: 2 | AB51: 2 | AC51: 1 | AD51: 1 | AE51: 2 | AF51: 3 | AG51: 2 | AH51: 2 | AI51: 2 | AJ51: 3 | AK51: 3 | AL51: 3 | AM51: 3 | AN51: 3 | AO51: 3 | AP51: 3 | AQ51: 0 | AR51: 3 | AS51: 3 | AT51: 3 | AU51: 3 | AV51: 3 | AW51: =OFFSET($N$9, ROW($AW$63) - ROW(), COLUMN() - COLUMN($AW$39)) -> 1 | AX51: =OFFSET($N$9, ROW($AW$63) - ROW(), COLUMN() - COLUMN($AW$39)) -> 1 | AY51: =OFFSET($N$9, ROW($AW$63) - ROW(), COLUMN() - COLUMN($AW$39)) -> 1 | AZ51: =OFFSET($N$9, ROW($AW$63) - ROW(), COLUMN() - COLUMN($AW$39)) -> 1 | BA51: =OFFSET($N$9, ROW($AW$63) - ROW(), COLUMN() - COLUMN($AW$39)) -> 2 | BB51: =OFFSET($N$9, ROW($AW$63) - ROW(), COLUMN() - COLUMN($AW$39)) -> 2 | BC51: =OFFSET($N$9, ROW($AW$63) - ROW(), COLUMN() - COLUMN($AW$39)) -> 2 | BD51: =OFFSET($N$9, ROW($AW$63) - ROW(), COLUMN() - COLUMN($AW$39)) -> 1 | ... BU51: =OFFSET($N$9, ROW($AW$63) - ROW(), COLUMN() - COLUMN($AW$39)) -> 2 | BV51: 3 | BW51: 3 | BX51: 3 | BY51: 3 | BZ51: 3 | CA51: 3 | CB51: 3 | CC51: 3 | CD51: 3 | CE51: 3 | CF51: 3 | CG51: 3 | CH51: =OFFSET($N$9, ROW($CH$62) - ROW(), COLUMN($DF$38) - COLUMN()) -> 3 | CI51: =OFFSET($N$9, ROW($CH$62) - ROW(), COLUMN($DF$38) - COLUMN()) -> 3 | CJ51: =OFFSET($N$9, ROW($CH$62) - ROW(), COLUMN($DF$38) - COLUMN()) -> 3 | CK51: =OFFSET($N$9, ROW($CH$62) - ROW(), COLUMN($DF$38) - COLUMN()) -> 1 | CL51: =OFFSET($N$9, ROW($CH$62) - ROW(), COLUMN($DF$38) - COLUMN()) -> 2 | CM51: =OFFSET($N$9, ROW($CH$62) - ROW(), COLUMN($DF$38) - COLUMN()) -> 2 | CN51: =OFFSET($N$9, ROW($CH$62) - ROW(), COLUMN($DF$38) - COLUMN()) -> 2 | CO51: =OFFSET($N$9, ROW($CH$62) - ROW(), COLUMN($DF$38) - COLUMN()) -> 1 | ... DF51: =OFFSET($N$9, ROW($CH$62) - ROW(), COLUMN($DF$38) - COLUMN()) -> 3 | DG51: 3 | DH51: 3 | DI51: 3 | DJ51: 3 | DK51: 3 | DL51: 3 | DM51: 3 | DN51: 3 | DO51: 3 | DP51: 3 | DQ51: 3 | DR51: 3 | DS51: 3 | DT51: 3 | DU51: x | DZ51: 17 | ED51: $BY$35
A52: 3 | B52: 3 | C52: 0 | D52: 3 | E52: 3 | F52: 3 | G52: 3 | H52: 3 | I52: 3 | J52: 3 | K52: 2 | L52: 1 | M52: 2 | N52: 3 | O52: 2 | P52: 1 | Q52: 2 | R52: 3 | S52: 3 | T52: 3 | U52: 2 | V52: 2 | W52: 2 | X52: 2 | Y52: 2 | Z52: 3 | AA52: 2 | AB52: 2 | AC52: 1 | AD52: 2 | AE52: 2 | AF52: 3 | AG52: 2 | AH52: 1 | AI52: 3 | AJ52: 3 | AK52: 3 | AL52: 3 | AM52: 3 | AN52: 3 | AO52: 3 | AP52: 3 | AQ52: 0 | AR52: 3 | AS52: 3 | AT52: 3 | AU52: 3 | AV52: 3 | AW52: =OFFSET($N$9, ROW($AW$63) - ROW(), COLUMN() - COLUMN($AW$39)) -> 3 | AX52: =OFFSET($N$9, ROW($AW$63) - ROW(), COLUMN() - COLUMN($AW$39)) -> 3 | AY52: =OFFSET($N$9, ROW($AW$63) - ROW(), COLUMN() - COLUMN($AW$39)) -> 2 | AZ52: =OFFSET($N$9, ROW($AW$63) - ROW(), COLUMN() - COLUMN($AW$39)) -> 2 | BA52: =OFFSET($N$9, ROW($AW$63) - ROW(), COLUMN() - COLUMN($AW$39)) -> 2 | BB52: =OFFSET($N$9, ROW($AW$63) - ROW(), COLUMN() - COLUMN($AW$39)) -> 2 | BC52: =OFFSET($N$9, ROW($AW$63) - ROW(), COLUMN() - COLUMN($AW$39)) -> 1 | BD52: =OFFSET($N$9, ROW($AW$63) - ROW(), COLUMN() - COLUMN($AW$39)) -> 2 | ... BU52: =OFFSET($N$9, ROW($AW$63) - ROW(), COLUMN() - COLUMN($AW$39)) -> 3 | BV52: 3 | BW52: 3 | BX52: 3 | BY52: 3 | BZ52: 3 | CA52: 3 | CB52: 3 | CC52: 3 | CD52: 3 | CE52: 3 | CF52: 3 | CG52: 3 | CH52: =OFFSET($N$9, ROW($CH$62) - ROW(), COLUMN($DF$38) - COLUMN()) -> 3 | CI52: =OFFSET($N$9, ROW($CH$62) - ROW(), COLUMN($DF$38) - COLUMN()) -> 1 | CJ52: =OFFSET($N$9, ROW($CH$62) - ROW(), COLUMN($DF$38) - COLUMN()) -> 1 | CK52: =OFFSET($N$9, ROW($CH$62) - ROW(), COLUMN($DF$38) - COLUMN()) -> 1 | CL52: =OFFSET($N$9, ROW($CH$62) - ROW(), COLUMN($DF$38) - COLUMN()) -> 2 | CM52: =OFFSET($N$9, ROW($CH$62) - ROW(), COLUMN($DF$38) - COLUMN()) -> 2 | CN52: =OFFSET($N$9, ROW($CH$62) - ROW(), COLUMN($DF$38) - COLUMN()) -> 2 | CO52: =OFFSET($N$9, ROW($CH$62) - ROW(), COLUMN($DF$38) - COLUMN()) -> 1 | ... DF52: =OFFSET($N$9, ROW($CH$62) - ROW(), COLUMN($DF$38) - COLUMN()) -> 2 | DG52: 3 | DH52: 3 | DI52: 3 | DJ52: 3 | DK52: 3 | DL52: 3 | DM52: 3 | DN52: 3 | DO52: 3 | DP52: 3 | DQ52: 3 | DR52: 3 | DS52: 3 | DT52: 3 | DU52: x | DZ52: 16 | ED52: $BZ$29
... A62: 3 | B62: 3 | C62: 0 | D62: 3 | E62: 3 | F62: 3 | G62: 3 | H62: 3 | I62: 3 | J62: 3 | K62: 2 | L62: 2 | M62: 2 | N62: 2 | O62: 1 | P62: 2 | Q62: 2 | R62: 1 | S62: 1 | T62: 2 | U62: 2 | V62: 2 | W62: 3 | X62: 2 | Y62: 2 | Z62: 2 | AA62: 2 | AB62: 2 | AC62: 2 | AD62: 1 | AE62: 2 | AF62: 1 | AG62: 2 | AH62: 2 | AI62: 3 | AJ62: 3 | AK62: 3 | AL62: 3 | AM62: 3 | AN62: 3 | AO62: 3 | AP62: 3 | AQ62: 0 | AR62: 3 | AS62: 3 | AT62: 3 | AU62: 3 | AV62: 3 | AW62: =OFFSET($N$9, ROW($AW$63) - ROW(), COLUMN() - COLUMN($AW$39)) -> 3 | AX62: =OFFSET($N$9, ROW($AW$63) - ROW(), COLUMN() - COLUMN($AW$39)) -> 3 | AY62: =OFFSET($N$9, ROW($AW$63) - ROW(), COLUMN() - COLUMN($AW$39)) -> 2 | AZ62: =OFFSET($N$9, ROW($AW$63) - ROW(), COLUMN() - COLUMN($AW$39)) -> 2 | BA62: =OFFSET($N$9, ROW($AW$63) - ROW(), COLUMN() - COLUMN($AW$39)) -> 1 | BB62: =OFFSET($N$9, ROW($AW$63) - ROW(), COLUMN() - COLUMN($AW$39)) -> 2 | BC62: =OFFSET($N$9, ROW($AW$63) - ROW(), COLUMN() - COLUMN($AW$39)) -> 3 | BD62: =OFFSET($N$9, ROW($AW$63) - ROW(), COLUMN() - COLUMN($AW$39)) -> 2 | ... BU62: =OFFSET($N$9, ROW($AW$63) - ROW(), COLUMN() - COLUMN($AW$39)) -> 3 | BV62: 3 | BW62: 3 | BX62: 3 | BY62: 3 | BZ62: 3 | CA62: 3 | CB62: 3 | CC62: 3 | CD62: 3 | CE62: 3 | CF62: 3 | CG62: 3 | CH62: =OFFSET($N$9, ROW($CH$62) - ROW(), COLUMN($DF$38) - COLUMN()) -> 3 | CI62: =OFFSET($N$9, ROW($CH$62) - ROW(), COLUMN($DF$38) - COLUMN()) -> 3 | CJ62: =OFFSET($N$9, ROW($CH$62) - ROW(), COLUMN($DF$38) - COLUMN()) -> 3 | CK62: =OFFSET($N$9, ROW($CH$62) - ROW(), COLUMN($DF$38) - COLUMN()) -> 1 | CL62: =OFFSET($N$9, ROW($CH$62) - ROW(), COLUMN($DF$38) - COLUMN()) -> 2 | CM62: =OFFSET($N$9, ROW($CH$62) - ROW(), COLUMN($DF$38) - COLUMN()) -> 2 | CN62: =OFFSET($N$9, ROW($CH$62) - ROW(), COLUMN($DF$38) - COLUMN()) -> 1 | CO62: =OFFSET($N$9, ROW($CH$62) - ROW(), COLUMN($DF$38) - COLUMN()) -> 2 | ... DF62: =OFFSET($N$9, ROW($CH$62) - ROW(), COLUMN($DF$38) - COLUMN()) -> 3 | DG62: 3 | DH62: 3 | DI62: 3 | DJ62: 3 | DK62: 3 | DL62: 3 | DM62: 3 | DN62: 3 | DO62: 3 | DP62: 3 | DQ62: 3 | DR62: 3 | DS62: 3 | DT62: 3 | DU62: x | DZ62: 6 | ED62: $CC$28
A63: 3 | B63: 3 | C63: 0 | D63: 3 | E63: 3 | F63: 3 | G63: 3 | H63: 3 | I63: 3 | J63: 3 | K63: 2 | L63: 2 | M63: 2 | N63: 1 | O63: 2 | P63: 2 | Q63: 1 | R63: 2 | S63: 2 | T63: 1 | U63: 2 | V63: 2 | W63: 3 | X63: 2 | Y63: 2 | Z63: 2 | AA63: 2 | AB63: 2 | AC63: 1 | AD63: 2 | AE63: 2 | AF63: 2 | AG63: 1 | AH63: 1 | AI63: 2 | AJ63: 3 | AK63: 3 | AL63: 3 | AM63: 3 | AN63: 3 | AO63: 3 | AP63: 3 | AQ63: 0 | AR63: 3 | AS63: 3 | AT63: 3 | AU63: 3 | AV63: 3 | AW63: =OFFSET($N$9, ROW($AW$63) - ROW(), COLUMN() - COLUMN($AW$39)) -> 3 | AX63: =OFFSET($N$9, ROW($AW$63) - ROW(), COLUMN() - COLUMN($AW$39)) -> 3 | AY63: =OFFSET($N$9, ROW($AW$63) - ROW(), COLUMN() - COLUMN($AW$39)) -> 3 | AZ63: =OFFSET($N$9, ROW($AW$63) - ROW(), COLUMN() - COLUMN($AW$39)) -> 2 | BA63: =OFFSET($N$9, ROW($AW$63) - ROW(), COLUMN() - COLUMN($AW$39)) -> 2 | BB63: =OFFSET($N$9, ROW($AW$63) - ROW(), COLUMN() - COLUMN($AW$39)) -> 2 | BC63: =OFFSET($N$9, ROW($AW$63) - ROW(), COLUMN() - COLUMN($AW$39)) -> 3 | BD63: =OFFSET($N$9, ROW($AW$63) - ROW(), COLUMN() - COLUMN($AW$39)) -> 2 | ... BU63: =OFFSET($N$9, ROW($AW$63) - ROW(), COLUMN() - COLUMN($AW$39)) -> 3 | BV63: 3 | BW63: 3 | BX63: 3 | BY63: 3 | BZ63: 3 | CA63: 3 | CB63: 3 | CC63: 3 | CD63: 3 | CE63: 3 | CF63: 3 | CG63: 3 | CH63: 3 | CI63: 3 | CJ63: 3 | CK63: 3 | CL63: 3 | CM63: 3 | CN63: 3 | CO63: 3 | CP63: 3 | CQ63: 3 | CR63: 3 | CS63: 3 | CT63: 3 | CU63: 3 | CV63: 3 | CW63: 3 | CX63: 3 | CY63: 3 | CZ63: 3 | DA63: 3 | DB63: 3 | DC63: 3 | DD63: 3 | DE63: 3 | DF63: 3 | DG63: 3 | DH63: 3 | DI63: 3 | DJ63: 3 | DK63: 3 | DL63: 3 | DM63: 3 | DN63: 3 | DO63: 3 | DP63: 3 | DQ63: 3 | DR63: 3 | DS63: 3 | DT63: 3 | DU63: x | DZ63: 5 | ED63: $CC$37
A64: 3 | B64: 3 | C64: 0 | D64: 3 | E64: 3 | F64: 3 | G64: 3 | H64: 3 | I64: 3 | J64: 3 | K64: 2 | L64: 1 | M64: 2 | N64: 2 | O64: 1 | P64: 2 | Q64: 2 | R64: 1 | S64: 2 | T64: 2 | U64: 1 | V64: 2 | W64: 3 | X64: 2 | Y64: 1 | Z64: 2 | AA64: 2 | AB64: 1 | AC64: 2 | AD64: 2 | AE64: 1 | AF64: 2 | AG64: 2 | AH64: 1 | AI64: 2 | AJ64: 3 | AK64: 3 | AL64: 3 | AM64: 3 | AN64: 3 | AO64: 3 | AP64: 3 | AQ64: 0 | AR64: 3 | AS64: 3 | AT64: 3 | AU64: 3 | AV64: 3 | AW64: 3 | AX64: 3 | AY64: 3 | AZ64: 3 | BA64: 3 | BB64: 3 | BC64: 3 | BD64: 3 | BE64: 3 | BF64: 3 | BG64: 3 | BH64: 3 | BI64: 3 | BJ64: 3 | BK64: 3 | BL64: 3 | BM64: 3 | BN64: 3 | BO64: 3 | BP64: 3 | BQ64: 3 | BR64: 3 | BS64: 3 | BT64: 3 | BU64: 3 | BV64: 3 | BW64: 3 | BX64: 3 | BY64: 3 | BZ64: 3 | CA64: 3 | CB64: 3 | CC64: 3 | CD64: 3 | CE64: 3 | CF64: 3 | CG64: 3 | CH64: 3 | CI64: 3 | CJ64: 3 | CK64: 3 | CL64: 3 | CM64: 3 | CN64: 3 | CO64: 3 | CP64: 3 | CQ64: 3 | CR64: 3 | CS64: 3 | CT64: 3 | CU64: 3 | CV64: 3 | CW64: 3 | CX64: 3 | CY64: 3 | CZ64: 3 | DA64: 3 | DB64: 3 | DC64: 3 | DD64: 3 | DE64: 3 | DF64: 3 | DG64: 3 | DH64: 3 | DI64: 3 | DJ64: 3 | DK64: 3 | DL64: 3 | DM64: 3 | DN64: 3 | DO64: 3 | DP64: 3 | DQ64: 3 | DR64: 3 | DS64: 3 | DT64: 3 | DU64: x | DZ64: 4 | ED64: $CC$38
A65: 3 | B65: 3 | C65: 0 | D65: 3 | E65: 3 | F65: 3 | G65: 3 | H65: 3 | I65: 3 | J65: 3 | K65: 3 | L65: 2 | M65: 2 | N65: 2 | O65: 3 | P65: 2 | Q65: 2 | R65: 2 | S65: 3 | T65: 2 | U65: 2 | V65: 3 | W65: 2 | X65: 3 | Y65: 2 | Z65: 2 | AA65: 2 | AB65: 2 | AC65: 3 | AD65: 2 | AE65: 2 | AF65: 3 | AG65: 3 | AH65: 2 | AI65: 2 | AJ65: 3 | AK65: 3 | AL65: 3 | AM65: 3 | AN65: 3 | AO65: 3 | AP65: 3 | AQ65: 0 | AR65: 3 | AS65: 3 | AT65: 3 | AU65: 3 | AV65: 3 | AW65: 3 | AX65: 3 | AY65: 3 | AZ65: 3 | BA65: 3 | BB65: 3 | BC65: 3 | BD65: 3 | BE65: 3 | BF65: 3 | BG65: 3 | BH65: 3 | BI65: 3 | BJ65: 3 | BK65: 3 | BL65: 3 | BM65: 3 | BN65: 3 | BO65: 3 | BP65: 3 | BQ65: 3 | BR65: 3 | BS65: 3 | BT65: 3 | BU65: 3 | BV65: 3 | BW65: 3 | BX65: 3 | BY65: 3 | BZ65: 3 | CA65: 3 | CB65: 3 | CC65: 3 | CD65: 3 | CE65: 3 | CF65: 3 | CG65: 3 | CH65: 3 | CI65: 3 | CJ65: 3 | CK65: 3 | CL65: 3 | CM65: 3 | CN65: 3 | CO65: 3 | CP65: 3 | CQ65: 3 | CR65: 3 | CS65: 3 | CT65: 3 | CU65: 3 | CV65: 3 | CW65: 3 | CX65: 3 | CY65: 3 | CZ65: 3 | DA65: 3 | DB65: 3 | DC65: 3 | DD65: 3 | DE65: 3 | DF65: 3 | DG65: 3 | DH65: 3 | DI65: 3 | DJ65: 3 | DK65: 3 | DL65: 3 | DM65: 3 | DN65: 3 | DO65: 3 | DP65: 3 | DQ65: 3 | DR65: 3 | DS65: 3 | DT65: 3 | DU65: x | DZ65: 3 | ED65: $CD$27
A66: 3 | B66: 3 | C66: 0 | D66: 3 | E66: 3 | F66: 3 | G66: 3 | H66: 3 | I66: 3 | J66: 3 | K66: 3 | L66: 3 | M66: 3 | N66: 3 | O66: 3 | P66: 3 | Q66: 3 | R66: 3 | S66: 3 | T66: 3 | U66: 3 | V66: 3 | W66: 3 | X66: 3 | Y66: 3 | Z66: 3 | AA66: 3 | AB66: 3 | AC66: 3 | AD66: 3 | AE66: 3 | AF66: 3 | AG66: 3 | AH66: 3 | AI66: 3 | AJ66: 3 | AK66: 3 | AL66: 3 | AM66: 3 | AN66: 3 | AO66: 3 | AP66: 3 | AQ66: 0 | AR66: 3 | AS66: 3 | AT66: 3 | AU66: 3 | AV66: 3 | AW66: 3 | AX66: 3 | AY66: 3 | AZ66: 3 | BA66: 3 | BB66: 3 | BC66: 3 | BD66: 3 | BE66: 3 | BF66: 3 | BG66: 3 | BH66: 3 | BI66: 3 | BJ66: 3 | BK66: 3 | BL66: 3 | BM66: 3 | BN66: 3 | BO66: 3 | BP66: 3 | BQ66: 3 | BR66: 3 | BS66: 3 | BT66: 3 | BU66: 3 | BV66: 3 | BW66: 3 | BX66: 3 | BY66: 3 | BZ66: 3 | CA66: 3 | CB66: 3 | CC66: 3 | CD66: 3 | CE66: 3 | CF66: 3 | CG66: 3 | CH66: 3 | CI66: 3 | CJ66: 3 | CK66: 3 | CL66: 3 | CM66: 3 | CN66: 3 | CO66: 3 | CP66: 3 | CQ66: 3 | CR66: 3 | CS66: 3 | CT66: 3 | CU66: 3 | CV66: 3 | CW66: 3 | CX66: 3 | CY66: 3 | CZ66: 3 | DA66: 3 | DB66: 3 | DC66: 3 | DD66: 3 | DE66: 3 | DF66: 3 | DG66: 3 | DH66: 3 | DI66: 3 | DJ66: 3 | DK66: 3 | DL66: 3 | DM66: 3 | DN66: 3 | DO66: 3 | DP66: 3 | DQ66: 3 | DR66: 3 | DS66: 3 | DT66: 3 | DU66: x | DZ66: 2 | ED66: $CD$28
A67: 3 | B67: 3 | C67: 0 | D67: 3 | E67: 3 | F67: 3 | G67: 3 | H67: 3 | I67: 3 | J67: 3 | K67: 3 | L67: 3 | M67: 3 | N67: 3 | O67: 3 | P67: 3 | Q67: 3 | R67: 3 | S67: 3 | T67: 3 | U67: 3 | V67: 3 | W67: 3 | X67: 3 | Y67: 3 | Z67: 3 | AA67: 3 | AB67: 3 | AC67: 3 | AD67: 3 | AE67: 3 | AF67: 3 | AG67: 3 | AH67: 3 | AI67: 3 | AJ67: 3 | AK67: 3 | AL67: 3 | AM67: 3 | AN67: 3 | AO67: 3 | AP67: 3 | AQ67: 0 | AR67: 3 | AS67: 3 | AT67: 3 | AU67: 3 | AV67: 3 | AW67: 3 | AX67: 3 | AY67: 3 | AZ67: 3 | BA67: 3 | BB67: 3 | BC67: 3 | BD67: 3 | BE67: 3 | BF67: 3 | BG67: 3 | BH67: 3 | BI67: 3 | BJ67: 3 | BK67: 3 | BL67: 3 | BM67: 3 | BN67: 3 | BO67: 3 | BP67: 3 | BQ67: 3 | BR67: 3 | BS67: 3 | BT67: 3 | BU67: 3 | BV67: 3 | BW67: 3 | BX67: 3 | BY67: 3 | BZ67: 3 | CA67: 3 | CB67: 3 | CC67: 3 | CD67: 3 | CE67: 3 | CF67: 3 | CG67: 3 | CH67: 3 | CI67: 3 | CJ67: 3 | CK67: 3 | CL67: 3 | CM67: 3 | CN67: 3 | CO67: 3 | CP67: 3 | CQ67: 3 | CR67: 3 | CS67: 3 | CT67: 3 | CU67: 3 | CV67: 3 | CW67: 3 | CX67: 3 | CY67: 3 | CZ67: 3 | DA67: 3 | DB67: 3 | DC67: 3 | DD67: 3 | DE67: 3 | DF67: 3 | DG67: 3 | DH67: 3 | DI67: 3 | DJ67: 3 | DK67: 3 | DL67: 3 | DM67: 3 | DN67: 3 | DO67: 3 | DP67: 3 | DQ67: 3 | DR67: 3 | DS67: 3 | DT67: 3 | DU67: x | DZ67: 1 | ED67: $CD$38
A68: 3 | B68: 3 | C68: 0 | D68: 3 | E68: 3 | F68: 3 | G68: 3 | H68: 3 | I68: 3 | J68: 3 | K68: 3 | L68: 3 | M68: 3 | N68: 3 | O68: 3 | P68: 3 | Q68: 3 | R68: 3 | S68: 3 | T68: 3 | U68: 3 | V68: 3 | W68: 3 | X68: 3 | Y68: 3 | Z68: 3 | AA68: 3 | AB68: 3 | AC68: 3 | AD68: 3 | AE68: 3 | AF68: 3 | AG68: 3 | AH68: 3 | AI68: 3 | AJ68: 3 | AK68: 3 | AL68: 3 | AM68: 3 | AN68: 3 | AO68: 3 | AP68: 3 | AQ68: 0 | AR68: 3 | AS68: 3 | AT68: 3 | AU68: 3 | AV68: 3 | AW68: 3 | AX68: 3 | AY68: 3 | AZ68: 3 | BA68: 3 | BB68: 3 | BC68: 3 | BD68: 3 | BE68: 3 | BF68: 3 | BG68: 3 | BH68: 3 | BI68: 3 | BJ68: 3 | BK68: 3 | BL68: 3 | BM68: 3 | BN68: 3 | BO68: 3 | BP68: 3 | BQ68: 3 | BR68: 3 | BS68: 3 | BT68: 3 | BU68: 3 | BV68: 3 | BW68: 3 | BX68: 3 | BY68: 3 | BZ68: 3 | CA68: 3 | CB68: 3 | CC68: 3 | CD68: 3 | CE68: 3 | CF68: 3 | CG68: 3 | CH68: 3 | CI68: 3 | CJ68: 3 | CK68: 3 | CL68: 3 | CM68: 3 | CN68: 3 | CO68: 3 | CP68: 3 | CQ68: 3 | CR68: 3 | CS68: 3 | CT68: 3 | CU68: 3 | CV68: 3 | CW68: 3 | CX68: 3 | CY68: 3 | CZ68: 3 | DA68: 3 | DB68: 3 | DC68: 3 | DD68: 3 | DE68: 3 | DF68: 3 | DG68: 3 | DH68: 3 | DI68: 3 | DJ68: 3 | DK68: 3 | DL68: 3 | DM68: 3 | DN68: 3 | DO68: 3 | DP68: 3 | DQ68: 3 | DR68: 3 | DS68: 3 | DT68: 3 | DU68: x | DZ68: 0 | ED68: $CD$39
A69: x | B69: x | C69: x | D69: x | E69: x | F69: x | G69: x | H69: x | I69: x | J69: x | K69: x | L69: x | M69: x | N69: x | O69: x | P69: x | Q69: x | R69: x | S69: x | T69: x | U69: x | V69: x | W69: x | X69: x | Y69: x | Z69: x | AA69: x | AB69: x | AC69: x | AD69: x | AE69: x | AF69: x | AG69: x | AH69: x | AI69: x | AJ69: x | AK69: x | AL69: x | AM69: x | AN69: x | AO69: x | AP69: x | AQ69: x | AR69: x | AS69: x | AT69: x | AU69: x | AV69: x | AW69: x | AX69: x | AY69: x | AZ69: x | BA69: x | BB69: x | BC69: x | BD69: x | BE69: x | BF69: x | BG69: x | BH69: x | BI69: x | BJ69: x | BK69: x | BL69: x | BM69: x | BN69: x | BO69: x | BP69: x | BQ69: x | BR69: x | BS69: x | BT69: x | BU69: x | BV69: x | BW69: x | BX69: x | BY69: x | BZ69: x | CA69: x | CB69: x | CC69: x | CD69: x | CE69: x | CF69: x | CG69: x | CH69: x | CI69: x | CJ69: x | CK69: x | CL69: x | CM69: x | CN69: x | CO69: x | CP69: x | CQ69: x | CR69: x | CS69: x | CT69: x | CU69: x | CV69: x | CW69: x | CX69: x | CY69: x | CZ69: x | DA69: x | DB69: x | DC69: x | DD69: x | DE69: x | DF69: x | DG69: x | DH69: x | DI69: x | DJ69: x | DK69: x | DL69: x | DM69: x | DN69: x | DO69: x | DP69: x | DQ69: x | DR69: x | DS69: x | DT69: x | DU69: x | ED69: $CE$27
A70: x= | ED70: $CE$39
A71: 0 | B71: 1 | C71: 2 | D71: 3 | E71: 4 | F71: 5 | G71: 6 | H71: 7 | I71: 8 | J71: 9 | K71: 10 | L71: 11 | M71: 12 | N71: 13 | O71: 14 | P71: 15 | Q71: 16 | R71: 17 | S71: 18 | T71: 19 | U71: 20 | V71: 21 | W71: 22 | X71: 23 | Y71: 24 | Z71: 25 | AA71: 26 | AB71: 27 | AC71: 28 | AD71: 29 | AE71: 30 | AF71: 31 | AG71: 32 | AH71: 33 | AI71: 34 | AJ71: 35 | AK71: 36 | AL71: 37 | AM71: 38 | AN71: 39 | AO71: 40 | AP71: 41 | AQ71: 42 | AR71: 43 | AS71: 44 | AT71: 45 | AU71: 46 | AV71: 47 | AW71: 48 | AX71: 49 | AY71: 50 | AZ71: 51 | BA71: 52 | BB71: 53 | BC71: 54 | BD71: 55 | BE71: 56 | BF71: 57 | BG71: 58 | BH71: 59 | BI71: 60 | BJ71: 61 | BK71: 62 | BL71: 63 | BM71: 64 | BN71: 65 | BO71: 66 | BP71: 67 | BQ71: 68 | BR71: 69 | BS71: 70 | BT71: 71 | BU71: 72 | BV71: 73 | BW71: 74 | BX71: 75 | BY71: 76 | BZ71: 77 | CA71: 78 | CB71: 79 | CC71: 80 | CD71: 81 | CE71: 82 | CF71: 83 | CG71: 84 | CH71: 85 | CI71: 86 | CJ71: 87 | CK71: 88 | CL71: 89 | CM71: 90 | CN71: 91 | CO71: 92 | CP71: 93 | CQ71: 94 | CR71: 95 | CS71: 96 | CT71: 97 | CU71: 98 | CV71: 99 | CW71: 100 | CX71: 101 | CY71: 102 | CZ71: 103 | DA71: 104 | DB71: 105 | DC71: 106 | DD71: 107 | DE71: 108 | DF71: 109 | DG71: 110 | DH71: 111 | DI71: 112 | DJ71: 113 | DK71: 114 | DL71: 115 | DM71: 116 | DN71: 117 | DO71: 118 | DP71: 119 | DQ71: 120 | DR71: 121 | DS71: 122 | DT71: 123 | ED71: $CE$40
ED72: $CF$26
ED73: $CF$27
ED74: $CF$40
ED75: $CF$41
O76: =COUNTIF(V41:X45, 1) + COUNTIF(U42:U44, 1) + COUNTIF(Y42:Y44, 1) -> 2 | ED76: $CG$26
N77: =COUNTIF(S45:U49, 1) + COUNTIF(R46:R48, 1) + COUNTIF(V46:V48, 1) -> 8 | P77: =COUNTIF(Y45:AA49, 1) + COUNTIF(X46:X48, 1) + COUNTIF(AB46:AB48, 1) -> 4 | ED77: $CG$40
N78: =COUNTIF(P49:R53, 1) + COUNTIF(O50:O52, 1) + COUNTIF(S50:S52, 1) -> 6 | O78: =COUNTIF(V49:X53, 1) + COUNTIF(U50:U52, 1) + COUNTIF(Y50:Y52, 1) -> 3 | P78: =COUNTIF(AB49:AD53, 1) + COUNTIF(AA50:AA52, 1) + COUNTIF(AE50:AE52, 1) -> 5 | ED78: $CG$41
N79: =COUNTIF(P54:R58, 1) + COUNTIF(O55:O57, 1) + COUNTIF(S55:S57, 1) -> 5 | O79: =COUNTIF(V54:X58, 1) + COUNTIF(U55:U57, 1) + COUNTIF(Y55:Y57, 1) -> 4 | P79: =COUNTIF(AB54:AD58, 1) + COUNTIF(AA55:AA57, 1) + COUNTIF(AE55:AE57, 1) -> 4

Sheet terrain type
A1: TERRAIN_OCEAN | B1: TERRAIN_COAST | C1: TERRAIN_SNOW | D1: TERRAIN_COAST | E1: TERRAIN_OCEAN | F1: TERRAIN_OCEAN | G1: TERRAIN_OCEAN | H1: TERRAIN_OCEAN | I1: TERRAIN_OCEAN | J1: TERRAIN_OCEAN | K1: TERRAIN_OCEAN | L1: TERRAIN_OCEAN | M1: TERRAIN_OCEAN | N1: TERRAIN_OCEAN | O1: TERRAIN_OCEAN | P1: TERRAIN_OCEAN | Q1: TERRAIN_OCEAN | R1: TERRAIN_OCEAN | S1: TERRAIN_OCEAN | T1: TERRAIN_OCEAN | U1: TERRAIN_OCEAN | V1: TERRAIN_OCEAN | W1: TERRAIN_OCEAN | X1: TERRAIN_OCEAN | Y1: TERRAIN_OCEAN | Z1: TERRAIN_OCEAN | AA1: TERRAIN_OCEAN | AB1: TERRAIN_OCEAN | AC1: TERRAIN_OCEAN | AD1: TERRAIN_OCEAN | AE1: TERRAIN_OCEAN | AF1: TERRAIN_OCEAN | AG1: TERRAIN_OCEAN | AH1: TERRAIN_OCEAN | AI1: TERRAIN_OCEAN | AJ1: TERRAIN_OCEAN | AK1: TERRAIN_OCEAN | AL1: TERRAIN_OCEAN | AM1: TERRAIN_OCEAN | AN1: TERRAIN_OCEAN | AO1: TERRAIN_OCEAN | AP1: TERRAIN_COAST | AQ1: TERRAIN_SNOW | AR1: TERRAIN_COAST | AS1: TERRAIN_OCEAN | AT1: TERRAIN_OCEAN | AU1: TERRAIN_OCEAN | AV1: TERRAIN_OCEAN | AW1: TERRAIN_OCEAN | AX1: TERRAIN_OCEAN | AY1: TERRAIN_OCEAN | AZ1: TERRAIN_OCEAN | BA1: TERRAIN_OCEAN | BB1: TERRAIN_OCEAN | BC1: TERRAIN_OCEAN | BD1: TERRAIN_OCEAN | BE1: TERRAIN_OCEAN | BF1: TERRAIN_OCEAN | BG1: TERRAIN_OCEAN | BH1: TERRAIN_OCEAN | BI1: TERRAIN_OCEAN | BJ1: TERRAIN_OCEAN | BK1: TERRAIN_OCEAN | BL1: TERRAIN_OCEAN | BM1: TERRAIN_OCEAN | BN1: TERRAIN_OCEAN | BO1: TERRAIN_OCEAN | BP1: TERRAIN_OCEAN | BQ1: TERRAIN_OCEAN | BR1: TERRAIN_OCEAN | BS1: TERRAIN_OCEAN | BT1: TERRAIN_OCEAN | BU1: TERRAIN_OCEAN | BV1: TERRAIN_OCEAN | BW1: TERRAIN_OCEAN | BX1: TERRAIN_OCEAN | BY1: TERRAIN_OCEAN | BZ1: TERRAIN_OCEAN | CA1: TERRAIN_OCEAN | CB1: TERRAIN_OCEAN | CC1: TERRAIN_OCEAN | CD1: TERRAIN_OCEAN | CE1: TERRAIN_OCEAN | CF1: TERRAIN_OCEAN | CG1: TERRAIN_OCEAN | CH1: TERRAIN_OCEAN | CI1: TERRAIN_OCEAN | CJ1: TERRAIN_OCEAN | CK1: TERRAIN_OCEAN | CL1: TERRAIN_OCEAN | CM1: TERRAIN_OCEAN | CN1: TERRAIN_OCEAN | CO1: TERRAIN_OCEAN | CP1: TERRAIN_OCEAN | CQ1: TERRAIN_OCEAN | CR1: TERRAIN_OCEAN | CS1: TERRAIN_OCEAN | CT1: TERRAIN_OCEAN | CU1: TERRAIN_OCEAN | CV1: TERRAIN_OCEAN | CW1: TERRAIN_OCEAN | CX1: TERRAIN_OCEAN | CY1: TERRAIN_OCEAN | CZ1: TERRAIN_OCEAN | DA1: TERRAIN_OCEAN | DB1: TERRAIN_OCEAN | DC1: TERRAIN_OCEAN | DD1: TERRAIN_OCEAN | DE1: TERRAIN_OCEAN | DF1: TERRAIN_OCEAN | DG1: TERRAIN_OCEAN | DH1: TERRAIN_OCEAN | DI1: TERRAIN_OCEAN | DJ1: TERRAIN_OCEAN | DK1: TERRAIN_OCEAN | DL1: TERRAIN_OCEAN | DM1: TERRAIN_OCEAN | DN1: TERRAIN_OCEAN | DO1: TERRAIN_OCEAN | DP1: TERRAIN_OCEAN | DQ1: TERRAIN_OCEAN | DR1: TERRAIN_OCEAN | DS1: TERRAIN_OCEAN | DT1: TERRAIN_OCEAN | DU1: coast | DV1: coast | DY1: y= | DZ1: 67
A2: TERRAIN_OCEAN | B2: TERRAIN_COAST | C2: TERRAIN_SNOW | D2: TERRAIN_COAST | E2: TERRAIN_OCEAN | F2: TERRAIN_OCEAN | G2: TERRAIN_OCEAN | H2: TERRAIN_OCEAN | I2: TERRAIN_OCEAN | J2: TERRAIN_OCEAN | K2: TERRAIN_OCEAN | L2: TERRAIN_OCEAN | M2: TERRAIN_OCEAN | N2: TERRAIN_OCEAN | O2: TERRAIN_OCEAN | P2: TERRAIN_OCEAN | Q2: TERRAIN_OCEAN | R2: TERRAIN_OCEAN | S2: TERRAIN_OCEAN | T2: TERRAIN_OCEAN | U2: TERRAIN_OCEAN | V2: TERRAIN_OCEAN | W2: TERRAIN_OCEAN | X2: TERRAIN_OCEAN | Y2: TERRAIN_OCEAN | Z2: TERRAIN_OCEAN | AA2: TERRAIN_OCEAN | AB2: TERRAIN_OCEAN | AC2: TERRAIN_OCEAN | AD2: TERRAIN_OCEAN | AE2: TERRAIN_OCEAN | AF2: TERRAIN_OCEAN | AG2: TERRAIN_OCEAN | AH2: TERRAIN_OCEAN | AI2: TERRAIN_OCEAN | AJ2: TERRAIN_OCEAN | AK2: TERRAIN_OCEAN | AL2: TERRAIN_OCEAN | AM2: TERRAIN_OCEAN | AN2: TERRAIN_OCEAN | AO2: TERRAIN_OCEAN | AP2: TERRAIN_COAST | AQ2: TERRAIN_SNOW | AR2: TERRAIN_COAST | AS2: TERRAIN_OCEAN | AT2: TERRAIN_OCEAN | AU2: TERRAIN_OCEAN | AV2: TERRAIN_OCEAN | AW2: TERRAIN_OCEAN | AX2: TERRAIN_OCEAN | AY2: TERRAIN_OCEAN | AZ2: TERRAIN_OCEAN | BA2: TERRAIN_OCEAN | BB2: TERRAIN_OCEAN | BC2: TERRAIN_OCEAN | BD2: TERRAIN_OCEAN | BE2: TERRAIN_OCEAN | BF2: TERRAIN_OCEAN | BG2: TERRAIN_OCEAN | BH2: TERRAIN_OCEAN | BI2: TERRAIN_OCEAN | BJ2: TERRAIN_OCEAN | BK2: TERRAIN_OCEAN | BL2: TERRAIN_OCEAN | BM2: TERRAIN_OCEAN | BN2: TERRAIN_OCEAN | BO2: TERRAIN_OCEAN | BP2: TERRAIN_OCEAN | BQ2: TERRAIN_OCEAN | BR2: TERRAIN_OCEAN | BS2: TERRAIN_OCEAN | BT2: TERRAIN_OCEAN | BU2: TERRAIN_OCEAN | BV2: TERRAIN_OCEAN | BW2: TERRAIN_OCEAN | BX2: TERRAIN_OCEAN | BY2: TERRAIN_OCEAN | BZ2: TERRAIN_OCEAN | CA2: TERRAIN_OCEAN | CB2: TERRAIN_OCEAN | CC2: TERRAIN_OCEAN | CD2: TERRAIN_OCEAN | CE2: TERRAIN_OCEAN | CF2: TERRAIN_OCEAN | CG2: TERRAIN_OCEAN | CH2: TERRAIN_OCEAN | CI2: TERRAIN_OCEAN | CJ2: TERRAIN_OCEAN | CK2: TERRAIN_OCEAN | CL2: TERRAIN_OCEAN | CM2: TERRAIN_OCEAN | CN2: TERRAIN_OCEAN | CO2: TERRAIN_OCEAN | CP2: TERRAIN_OCEAN | CQ2: TERRAIN_OCEAN | CR2: TERRAIN_OCEAN | CS2: TERRAIN_OCEAN | CT2: TERRAIN_OCEAN | CU2: TERRAIN_OCEAN | CV2: TERRAIN_OCEAN | CW2: TERRAIN_OCEAN | CX2: TERRAIN_OCEAN | CY2: TERRAIN_OCEAN | CZ2: TERRAIN_OCEAN | DA2: TERRAIN_OCEAN | DB2: TERRAIN_OCEAN | DC2: TERRAIN_OCEAN | DD2: TERRAIN_OCEAN | DE2: TERRAIN_OCEAN | DF2: TERRAIN_OCEAN | DG2: TERRAIN_OCEAN | DH2: TERRAIN_OCEAN | DI2: TERRAIN_OCEAN | DJ2: TERRAIN_OCEAN | DK2: TERRAIN_OCEAN | DL2: TERRAIN_OCEAN | DM2: TERRAIN_OCEAN | DN2: TERRAIN_OCEAN | DO2: TERRAIN_OCEAN | DP2: TERRAIN_OCEAN | DQ2: TERRAIN_OCEAN | DR2: TERRAIN_OCEAN | DS2: TERRAIN_OCEAN | DT2: TERRAIN_OCEAN | DU2: desert | DV2: desert | DZ2: 66
A3: TERRAIN_OCEAN | B3: TERRAIN_COAST | C3: TERRAIN_SNOW | D3: TERRAIN_COAST | E3: TERRAIN_OCEAN | F3: TERRAIN_OCEAN | G3: TERRAIN_OCEAN | H3: TERRAIN_OCEAN | I3: TERRAIN_OCEAN | J3: TERRAIN_OCEAN | K3: TERRAIN_OCEAN | L3: TERRAIN_OCEAN | M3: TERRAIN_OCEAN | N3: TERRAIN_OCEAN | O3: TERRAIN_OCEAN | P3: TERRAIN_OCEAN | Q3: TERRAIN_OCEAN | R3: TERRAIN_OCEAN | S3: TERRAIN_OCEAN | T3: TERRAIN_OCEAN | U3: TERRAIN_OCEAN | V3: TERRAIN_OCEAN | W3: TERRAIN_OCEAN | X3: TERRAIN_OCEAN | Y3: TERRAIN_OCEAN | Z3: TERRAIN_OCEAN | AA3: TERRAIN_OCEAN | AB3: TERRAIN_OCEAN | AC3: TERRAIN_OCEAN | AD3: TERRAIN_OCEAN | AE3: TERRAIN_OCEAN | AF3: TERRAIN_OCEAN | AG3: TERRAIN_OCEAN | AH3: TERRAIN_OCEAN | AI3: TERRAIN_OCEAN | AJ3: TERRAIN_OCEAN | AK3: TERRAIN_OCEAN | AL3: TERRAIN_OCEAN | AM3: TERRAIN_OCEAN | AN3: TERRAIN_OCEAN | AO3: TERRAIN_OCEAN | AP3: TERRAIN_COAST | AQ3: TERRAIN_SNOW | AR3: TERRAIN_COAST | AS3: TERRAIN_OCEAN | AT3: TERRAIN_OCEAN | AU3: TERRAIN_OCEAN | AV3: TERRAIN_OCEAN | AW3: TERRAIN_OCEAN | AX3: TERRAIN_OCEAN | AY3: TERRAIN_OCEAN | AZ3: TERRAIN_OCEAN | BA3: TERRAIN_OCEAN | BB3: TERRAIN_OCEAN | BC3: TERRAIN_OCEAN | BD3: TERRAIN_OCEAN | BE3: TERRAIN_OCEAN | BF3: TERRAIN_OCEAN | BG3: TERRAIN_OCEAN | BH3: TERRAIN_OCEAN | BI3: TERRAIN_OCEAN | BJ3: TERRAIN_OCEAN | BK3: TERRAIN_OCEAN | BL3: TERRAIN_OCEAN | BM3: TERRAIN_OCEAN | BN3: TERRAIN_OCEAN | BO3: TERRAIN_OCEAN | BP3: TERRAIN_OCEAN | BQ3: TERRAIN_OCEAN | BR3: TERRAIN_OCEAN | BS3: TERRAIN_OCEAN | BT3: TERRAIN_OCEAN | BU3: TERRAIN_OCEAN | BV3: TERRAIN_OCEAN | BW3: TERRAIN_OCEAN | BX3: TERRAIN_OCEAN | BY3: TERRAIN_OCEAN | BZ3: TERRAIN_OCEAN | CA3: TERRAIN_OCEAN | CB3: TERRAIN_OCEAN | CC3: TERRAIN_OCEAN | CD3: TERRAIN_OCEAN | CE3: TERRAIN_OCEAN | CF3: TERRAIN_OCEAN | CG3: TERRAIN_OCEAN | CH3: TERRAIN_OCEAN | CI3: TERRAIN_OCEAN | CJ3: TERRAIN_OCEAN | CK3: TERRAIN_OCEAN | CL3: TERRAIN_OCEAN | CM3: TERRAIN_OCEAN | CN3: TERRAIN_OCEAN | CO3: TERRAIN_OCEAN | CP3: TERRAIN_OCEAN | CQ3: TERRAIN_OCEAN | CR3: TERRAIN_OCEAN | CS3: TERRAIN_OCEAN | CT3: TERRAIN_OCEAN | CU3: TERRAIN_OCEAN | CV3: TERRAIN_OCEAN | CW3: TERRAIN_OCEAN | CX3: TERRAIN_OCEAN | CY3: TERRAIN_OCEAN | CZ3: TERRAIN_OCEAN | DA3: TERRAIN_OCEAN | DB3: TERRAIN_OCEAN | DC3: TERRAIN_OCEAN | DD3: TERRAIN_OCEAN | DE3: TERRAIN_OCEAN | DF3: TERRAIN_OCEAN | DG3: TERRAIN_OCEAN | DH3: TERRAIN_OCEAN | DI3: TERRAIN_OCEAN | DJ3: TERRAIN_OCEAN | DK3: TERRAIN_OCEAN | DL3: TERRAIN_OCEAN | DM3: TERRAIN_OCEAN | DN3: TERRAIN_OCEAN | DO3: TERRAIN_OCEAN | DP3: TERRAIN_OCEAN | DQ3: TERRAIN_OCEAN | DR3: TERRAIN_OCEAN | DS3: TERRAIN_OCEAN | DT3: TERRAIN_OCEAN | DU3: grass | DV3: grass | DZ3: 65
A4: TERRAIN_OCEAN | B4: TERRAIN_COAST | C4: TERRAIN_SNOW | D4: TERRAIN_COAST | E4: TERRAIN_OCEAN | F4: TERRAIN_OCEAN | G4: TERRAIN_OCEAN | H4: TERRAIN_OCEAN | I4: TERRAIN_OCEAN | J4: TERRAIN_OCEAN | K4: TERRAIN_OCEAN | L4: TERRAIN_OCEAN | M4: TERRAIN_OCEAN | N4: TERRAIN_OCEAN | O4: TERRAIN_OCEAN | P4: TERRAIN_OCEAN | Q4: TERRAIN_OCEAN | R4: TERRAIN_OCEAN | S4: TERRAIN_OCEAN | T4: TERRAIN_OCEAN | U4: TERRAIN_OCEAN | V4: TERRAIN_OCEAN | W4: TERRAIN_OCEAN | X4: TERRAIN_OCEAN | Y4: TERRAIN_OCEAN | Z4: TERRAIN_OCEAN | AA4: TERRAIN_OCEAN | AB4: TERRAIN_OCEAN | AC4: TERRAIN_OCEAN | AD4: TERRAIN_OCEAN | AE4: TERRAIN_OCEAN | AF4: TERRAIN_OCEAN | AG4: TERRAIN_OCEAN | AH4: TERRAIN_OCEAN | AI4: TERRAIN_OCEAN | AJ4: TERRAIN_OCEAN | AK4: TERRAIN_OCEAN | AL4: TERRAIN_OCEAN | AM4: TERRAIN_OCEAN | AN4: TERRAIN_OCEAN | AO4: TERRAIN_OCEAN | AP4: TERRAIN_COAST | AQ4: TERRAIN_SNOW | AR4: TERRAIN_COAST | AS4: TERRAIN_OCEAN | AT4: TERRAIN_OCEAN | AU4: TERRAIN_OCEAN | AV4: TERRAIN_OCEAN | AW4: TERRAIN_OCEAN | AX4: TERRAIN_COAST | AY4: TERRAIN_COAST | AZ4: TERRAIN_COAST | BA4: TERRAIN_COAST | BB4: TERRAIN_COAST | BC4: TERRAIN_COAST | BD4: TERRAIN_COAST | BE4: TERRAIN_COAST | BF4: TERRAIN_COAST | BG4: TERRAIN_COAST | BH4: TERRAIN_COAST | BI4: TERRAIN_COAST | BJ4: TERRAIN_COAST | BK4: TERRAIN_COAST | BL4: TERRAIN_COAST | BM4: TERRAIN_COAST | BN4: TERRAIN_COAST | BO4: TERRAIN_COAST | BP4: TERRAIN_COAST | BQ4: TERRAIN_COAST | BR4: TERRAIN_COAST | BS4: TERRAIN_OCEAN | BT4: TERRAIN_OCEAN | BU4: TERRAIN_OCEAN | BV4: TERRAIN_OCEAN | BW4: TERRAIN_OCEAN | BX4: TERRAIN_OCEAN | BY4: TERRAIN_OCEAN | BZ4: TERRAIN_OCEAN | CA4: TERRAIN_OCEAN | CB4: TERRAIN_OCEAN | CC4: TERRAIN_OCEAN | CD4: TERRAIN_OCEAN | CE4: TERRAIN_OCEAN | CF4: TERRAIN_OCEAN | CG4: =OFFSET($N$9, ROW() - ROW($CH$5), COLUMN($DF$5) - COLUMN()) -> TERRAIN_OCEAN | CH4: =OFFSET($N$9, ROW() - ROW($CH$5), COLUMN($DF$5) - COLUMN()) -> TERRAIN_OCEAN | CI4: =OFFSET($N$9, ROW() - ROW($CH$5), COLUMN($DF$5) - COLUMN()) -> TERRAIN_OCEAN | CJ4: =OFFSET($N$9, ROW() - ROW($CH$5), COLUMN($DF$5) - COLUMN()) -> TERRAIN_COAST | CK4: =OFFSET($N$9, ROW() - ROW($CH$5), COLUMN($DF$5) - COLUMN()) -> TERRAIN_COAST | CL4: =OFFSET($N$9, ROW() - ROW($CH$5), COLUMN($DF$5) - COLUMN()) -> TERRAIN_COAST | CM4: =OFFSET($N$9, ROW() - ROW($CH$5), COLUMN($DF$5) - COLUMN()) -> TERRAIN_COAST | CN4: =OFFSET($N$9, ROW() - ROW($CH$5), COLUMN($DF$5) - COLUMN()) -> TERRAIN_COAST | ... DG4: =OFFSET($N$9, ROW() - ROW($CH$5), COLUMN($DF$5) - COLUMN()) -> TERRAIN_OCEAN | DH4: TERRAIN_OCEAN | DI4: TERRAIN_OCEAN | DJ4: TERRAIN_OCEAN | DK4: TERRAIN_OCEAN | DL4: TERRAIN_OCEAN | DM4: TERRAIN_OCEAN | DN4: TERRAIN_OCEAN | DO4: TERRAIN_OCEAN | DP4: TERRAIN_OCEAN | DQ4: TERRAIN_OCEAN | DR4: TERRAIN_OCEAN | DS4: TERRAIN_OCEAN | DT4: TERRAIN_OCEAN | DU4: ocean | DV4: ocean | DZ4: 64
A5: TERRAIN_OCEAN | B5: TERRAIN_COAST | C5: TERRAIN_SNOW | D5: TERRAIN_COAST | E5: TERRAIN_OCEAN | F5: TERRAIN_OCEAN | G5: TERRAIN_OCEAN | H5: TERRAIN_OCEAN | I5: TERRAIN_OCEAN | J5: TERRAIN_OCEAN | K5: TERRAIN_OCEAN | L5: TERRAIN_OCEAN | M5: TERRAIN_OCEAN | N5: TERRAIN_OCEAN | O5: TERRAIN_OCEAN | P5: TERRAIN_OCEAN | Q5: TERRAIN_OCEAN | R5: TERRAIN_OCEAN | S5: TERRAIN_OCEAN | T5: TERRAIN_OCEAN | U5: TERRAIN_OCEAN | V5: TERRAIN_OCEAN | W5: TERRAIN_OCEAN | X5: TERRAIN_OCEAN | Y5: TERRAIN_OCEAN | Z5: TERRAIN_OCEAN | AA5: TERRAIN_OCEAN | AB5: TERRAIN_OCEAN | AC5: TERRAIN_OCEAN | AD5: TERRAIN_OCEAN | AE5: TERRAIN_OCEAN | AF5: TERRAIN_OCEAN | AG5: TERRAIN_OCEAN | AH5: TERRAIN_OCEAN | AI5: TERRAIN_OCEAN | AJ5: TERRAIN_OCEAN | AK5: TERRAIN_OCEAN | AL5: TERRAIN_OCEAN | AM5: TERRAIN_OCEAN | AN5: TERRAIN_OCEAN | AO5: TERRAIN_OCEAN | AP5: TERRAIN_COAST | AQ5: TERRAIN_SNOW | AR5: TERRAIN_COAST | AS5: TERRAIN_OCEAN | AT5: TERRAIN_OCEAN | AU5: TERRAIN_OCEAN | AV5: TERRAIN_OCEAN | AW5: TERRAIN_COAST | AX5: TERRAIN_COAST | AY5: TERRAIN_GRASS | AZ5: TERRAIN_GRASS | BA5: TERRAIN_GRASS | BB5: TERRAIN_COAST | BC5: TERRAIN_GRASS | BD5: TERRAIN_GRASS | BE5: TERRAIN_GRASS | BF5: TERRAIN_GRASS | BG5: TERRAIN_COAST | BH5: TERRAIN_GRASS | BI5: TERRAIN_GRASS | BJ5: TERRAIN_GRASS | BK5: TERRAIN_COAST | BL5: TERRAIN_COAST | BM5: TERRAIN_COAST | BN5: TERRAIN_COAST | BO5: TERRAIN_COAST | BP5: TERRAIN_GRASS | BQ5: TERRAIN_GRASS | BR5: TERRAIN_COAST | BS5: TERRAIN_COAST | BT5: TERRAIN_OCEAN | BU5: TERRAIN_OCEAN | BV5: TERRAIN_OCEAN | BW5: TERRAIN_OCEAN | BX5: TERRAIN_OCEAN | BY5: TERRAIN_OCEAN | BZ5: TERRAIN_OCEAN | CA5: TERRAIN_OCEAN | CB5: TERRAIN_OCEAN | CC5: TERRAIN_OCEAN | CD5: TERRAIN_OCEAN | CE5: TERRAIN_OCEAN | CF5: TERRAIN_OCEAN | CG5: =OFFSET($N$9, ROW() - ROW($CH$5), COLUMN($DF$5) - COLUMN()) -> TERRAIN_OCEAN | CH5: =OFFSET($N$9, ROW() - ROW($CH$5), COLUMN($DF$5) - COLUMN()) -> TERRAIN_OCEAN | CI5: =OFFSET($N$9, ROW() - ROW($CH$5), COLUMN($DF$5) - COLUMN()) -> TERRAIN_COAST | CJ5: =OFFSET($N$9, ROW() - ROW($CH$5), COLUMN($DF$5) - COLUMN()) -> TERRAIN_COAST | CK5: =OFFSET($N$9, ROW() - ROW($CH$5), COLUMN($DF$5) - COLUMN()) -> TERRAIN_GRASS | CL5: =OFFSET($N$9, ROW() - ROW($CH$5), COLUMN($DF$5) - COLUMN()) -> TERRAIN_GRASS | CM5: =OFFSET($N$9, ROW() - ROW($CH$5), COLUMN($DF$5) - COLUMN()) -> TERRAIN_GRASS | CN5: =OFFSET($N$9, ROW() - ROW($CH$5), COLUMN($DF$5) - COLUMN()) -> TERRAIN_GRASS | ... DG5: =OFFSET($N$9, ROW() - ROW($CH$5), COLUMN($DF$5) - COLUMN()) -> TERRAIN_OCEAN | DH5: TERRAIN_OCEAN | DI5: TERRAIN_OCEAN | DJ5: TERRAIN_OCEAN | DK5: TERRAIN_OCEAN | DL5: TERRAIN_OCEAN | DM5: TERRAIN_OCEAN | DN5: TERRAIN_OCEAN | DO5: TERRAIN_OCEAN | DP5: TERRAIN_OCEAN | DQ5: TERRAIN_OCEAN | DR5: TERRAIN_OCEAN | DS5: TERRAIN_OCEAN | DT5: TERRAIN_OCEAN | DU5: plains | DV5: plains | DZ5: 63
